6,,,,,,,,,,
PIN,SN,RP,SN,PT,DT,DL,FC,AD,PRE,PRS
CommunicationPointItemName,StationNum,RodPosition,StepNumber,PointType,DataType,DataLength,FunctionCode,Addr,PysicalRangeEnd,PysicalRangeStart
DI_SD1S_FL_RF1_LC_Y1.DV,4,0,0,1,4,2,2,1,1,0
DI_SD1S_FL_RF1_MC_Y1.DV,4,0,0,1,4,2,2,2,1,0
DI_SD1S_FL_RF1_SC_Y1.DV,4,0,0,1,4,2,2,3,1,0
DI_SD1S_FL_RF1_LC_Y2.DV,4,0,0,1,4,2,2,4,1,0
DI_SD1S_FL_RF1_MC_Y2.DV,4,0,0,1,4,2,2,5,1,0
DI_SD1S_FL_RF1_SC_Y2.DV,4,0,0,1,4,2,2,6,1,0
DI_SD1S_FL_RF1_LC_Y3.DV,4,0,0,1,4,2,2,7,1,0
DI_SD1S_FL_RF1_MC_Y3.DV,4,0,0,1,4,2,2,8,1,0
DI_SD1S_FL_RF1_SC_Y3.DV,4,0,0,1,4,2,2,9,1,0
DI_SD1S_FL_RF1_LC_Y4.DV,4,0,0,1,4,2,2,10,1,0
DI_SD1S_FL_RF1_MC_Y4.DV,4,0,0,1,4,2,2,11,1,0
DI_SD1S_FL_RF1_SC_Y4.DV,4,0,0,1,4,2,2,12,1,0
DI_SD1S_FL_RF2_Y1.DV,4,0,0,1,4,2,2,13,1,0
DI_SD1S_FL_RF2_Y2.DV,4,0,0,1,4,2,2,14,1,0
DI_SD1S_FL_RF2_Y3.DV,4,0,0,1,4,2,2,15,1,0
DI_SD1S_FL_RF2_Y4.DV,4,0,0,1,4,2,2,16,1,0
DI_SD1S_FL_RF3_Y1.DV,4,0,0,1,4,2,2,17,1,0
DI_SD1S_FL_RF3_Y2.DV,4,0,0,1,4,2,2,18,1,0
DI_SD1S_FL_RF3_Y3.DV,4,0,0,1,4,2,2,19,1,0
DI_SD1S_FL_RF3_Y4.DV,4,0,0,1,4,2,2,20,1,0
DI_SD1S_FL_PF1_P_OV.DV,4,0,0,1,4,2,2,21,1,0
DI_SD1S_FL_PF1_P_UV.DV,4,0,0,1,4,2,2,22,1,0
DI_SD1S_FL_PF1_S_OV.DV,4,0,0,1,4,2,2,23,1,0
DI_SD1S_FL_PF1_S_UV.DV,4,0,0,1,4,2,2,24,1,0
DI_SD1S_FL_PF2_P.DV,4,0,0,1,4,2,2,25,1,0
DI_SD1S_FL_PF2_S.DV,4,0,0,1,4,2,2,26,1,0
DI_SD1S_FL_PF3_OV.DV,4,0,0,1,4,2,2,27,1,0
DI_SD1S_FL_PF3_UV.DV,4,0,0,1,4,2,2,28,1,0
DI_SD1S_FL_MDF_LC_Y1.DV,4,0,0,1,4,2,2,29,1,0
DI_SD1S_FL_MDF_MC_Y1.DV,4,0,0,1,4,2,2,30,1,0
DI_SD1S_FL_MDF_SC_Y1.DV,4,0,0,1,4,2,2,31,1,0
DI_SD1S_FL_MDF_LC_Y2.DV,4,0,0,1,4,2,2,32,1,0
DI_SD1S_FL_MDF_MC_Y2.DV,4,0,0,1,4,2,2,33,1,0
DI_SD1S_FL_MDF_SC_Y2.DV,4,0,0,1,4,2,2,34,1,0
DI_SD1S_FL_MDF_LC_Y3.DV,4,0,0,1,4,2,2,35,1,0
DI_SD1S_FL_MDF_MC_Y3.DV,4,0,0,1,4,2,2,36,1,0
DI_SD1S_FL_MDF_SC_Y3.DV,4,0,0,1,4,2,2,37,1,0
DI_SD1S_FL_MDF_LC_Y4.DV,4,0,0,1,4,2,2,38,1,0
DI_SD1S_FL_MDF_MC_Y4.DV,4,0,0,1,4,2,2,39,1,0
DI_SD1S_FL_MDF_SC_Y4.DV,4,0,0,1,4,2,2,40,1,0
DI_SD1S_FL_TS_NO_UP_DOWN.DV,4,0,0,1,4,2,2,41,1,0
DI_SD1S_FL_TS_BOTH_UP_DOWN.DV,4,0,0,1,4,2,2,42,1,0
DI_SD1S_FL_TS_ANOTHER_GO.DV,4,0,0,1,4,2,2,43,1,0
DI_SD1S_FL_TS_DIRECTION_FAIL.DV,4,0,0,1,4,2,2,44,1,0
DI_SD1S_FL_TS_UNDEFINED_GO1.DV,4,0,0,1,4,2,2,45,1,0
DI_SD1S_FL_TS_UNDEFINED_GO2.DV,4,0,0,1,4,2,2,46,1,0
DI_SD1S_FL_POWER_FAIL1_P.DV,4,0,0,1,4,2,2,47,1,0
DI_SD1S_FL_POWER_FAIL1_S.DV,4,0,0,1,4,2,2,48,1,0
DI_SD1S_FL_POWER_FAIL1_A.DV,4,0,0,1,4,2,2,49,1,0
DI_SD1S_FL_POWER_FAIL2_P.DV,4,0,0,1,4,2,2,50,1,0
DI_SD1S_FL_POWER_FAIL2_S.DV,4,0,0,1,4,2,2,51,1,0
DI_SD1S_FL_PSC_FAIL.DV,4,0,0,1,4,2,2,52,1,0
DI_SD1S_FL_MEM_FAIL.DV,4,0,0,1,4,2,2,53,1,0
DI_SD1S_FL_CPU_FAIL.DV,4,0,0,1,4,2,2,54,1,0
DI_SD1S_FL_COM485_FAIL.DV,4,0,0,1,4,2,2,55,1,0
DI_SD1S_FL_ALPHA_LC_FAIL.DV,4,0,0,1,4,2,2,56,1,0
DI_SD1S_FL_ALPHA_MC_FAIL.DV,4,0,0,1,4,2,2,57,1,0
DI_SD1S_FL_ALPHA_SC_FAIL.DV,4,0,0,1,4,2,2,58,1,0
DI_SD1S_FL_DO_A_FAIL.DV,4,0,0,1,4,2,2,59,1,0
DI_SD1S_FL_DO_B_FAIL.DV,4,0,0,1,4,2,2,60,1,0
DI_SD1S_FL_DO_C_FAIL.DV,4,0,0,1,4,2,2,61,1,0
DI_SD1S_FL_ADC_FAIL_LC.DV,4,0,0,1,4,2,2,62,1,0
DI_SD1S_FL_ADC_FAIL_MC.DV,4,0,0,1,4,2,2,63,1,0
DI_SD1S_FL_ADC_FAIL_SC.DV,4,0,0,1,4,2,2,64,1,0
DI_SD1S_FL_TIMER_FAIL.DV,4,0,0,1,4,2,2,65,1,0
DI_SD1S_FL_LC_CABL_UPLG.DV,4,0,0,1,4,2,2,66,1,0
DI_SD1S_FL_MC_CABL_UPLG.DV,4,0,0,1,4,2,2,67,1,0
DI_SD1S_FL_SC_CABL_UPLG.DV,4,0,0,1,4,2,2,68,1,0
DI_SD1S_FL_RD_CABL_UPLG.DV,4,0,0,1,4,2,2,69,1,0
DI_SD1S_FL_DI_CABL_UPLG.DV,4,0,0,1,4,2,2,70,1,0
DI_SD1S_FL_DO_CABL_UPLG.DV,4,0,0,1,4,2,2,71,1,0
DI_SD1S_FL_LC_CARD_UPLG.DV,4,0,0,1,4,2,2,72,1,0
DI_SD1S_FL_MC_CARD_UPLG.DV,4,0,0,1,4,2,2,73,1,0
DI_SD1S_FL_SC_CARD_UPLG.DV,4,0,0,1,4,2,2,74,1,0
DI_SD1S_FL_DI_CARD_UPLG.DV,4,0,0,1,4,2,2,75,1,0
DI_SD1S_FL_DO_CARD_UPLG.DV,4,0,0,1,4,2,2,76,1,0
DI_SD1S_FL_LD_SWITCH1.DV,4,0,0,1,4,2,2,77,1,0
DI_SD1S_FL_LD_SWITCH2.DV,4,0,0,1,4,2,2,78,1,0
DI_SD1S_FL_LD_SWITCH3.DV,4,0,0,1,4,2,2,79,1,0
DI_SD1S_FL_LD_SWITCH4.DV,4,0,0,1,4,2,2,80,1,0
DI_SD1S_FL_DH_POWERFAIL1_MC.DV,4,0,0,1,4,2,2,81,1,0
DI_SD1S_FL_DH_POWERFAIL1_SC.DV,4,0,0,1,4,2,2,82,1,0
DI_SD1S_FL_DH_POWERFAIL2_MC.DV,4,0,0,1,4,2,2,83,1,0
DI_SD1S_FL_DH_POWERFAIL2_SC.DV,4,0,0,1,4,2,2,84,1,0
DI_SD1S_FL_DH_SWITCH.DV,4,0,0,1,4,2,2,85,1,0
DI_SD1S_FL_FAN_TOP_FAIL.DV,4,0,0,1,4,2,2,86,1,0
DI_SD1S_FL_FAN_BOTTOM_FAIL.DV,4,0,0,1,4,2,2,87,1,0
DI_SD1S_FL_COOLING_CONT_FAIL.DV,4,0,0,1,4,2,2,88,1,0
DI_SD1S_FL_DOOR_F_FAIL.DV,4,0,0,1,4,2,2,89,1,0
DI_SD1S_FL_DOOR_R_FAIL.DV,4,0,0,1,4,2,2,90,1,0
DI_SD1S_FL_SIMULATION_MODE.DV,4,0,0,1,4,2,2,91,1,0
DI_SD1S_FL_TEST_MODE.DV,4,0,0,1,4,2,2,92,1,0
DI_SD1S_FL_R_OOR_LC.DV,4,0,0,1,4,2,2,93,1,0
DI_SD1S_FL_R_OOR_MC.DV,4,0,0,1,4,2,2,94,1,0
DI_SD1S_FL_R_OOR_SC.DV,4,0,0,1,4,2,2,95,1,0
DI_SD1S_FL_I_OOR_SC_Y1.DV,4,0,0,1,4,2,2,96,1,0
DI_SD1S_FL_I_OOR_SC_Y2.DV,4,0,0,1,4,2,2,97,1,0
DI_SD1S_FL_I_OOR_SC_Y3.DV,4,0,0,1,4,2,2,98,1,0
DI_SD1S_FL_I_OOR_SC_Y4.DV,4,0,0,1,4,2,2,99,1,0
DI_SD1S_FL_CONSOLE_LOG.DV,4,0,0,1,4,2,2,100,1,0
DI_SD1S_DSP_A_HB_FAIL.DV,4,0,0,1,4,2,2,101,1,0
DI_SD1S_OTHER_LC_CARD_FAIL.DV,4,0,0,1,4,2,2,102,1,0
DI_SD1S_OTHER_MC_CARD_FAIL.DV,4,0,0,1,4,2,2,103,1,0
DI_SD1S_OTHER_SC_CARD_FAIL.DV,4,0,0,1,4,2,2,104,1,0
DI_SD1S_OTHER_DI_CARD_FAIL.DV,4,0,0,1,4,2,2,105,1,0
DI_SD1S_OTHER_DO_CARD_FAIL.DV,4,0,0,1,4,2,2,106,1,0
DI_SD1S_OTHER_PS_CARD_FAIL.DV,4,0,0,1,4,2,2,107,1,0
DI_SD1S_OTHER_LC_CABLE_FAIL.DV,4,0,0,1,4,2,2,108,1,0
DI_SD1S_OTHER_MC_CABLE_FAIL.DV,4,0,0,1,4,2,2,109,1,0
DI_SD1S_OTHER_SC_CABLE_FAIL.DV,4,0,0,1,4,2,2,110,1,0
DI_SD1S_OTHER_DI_CABLE_FAIL.DV,4,0,0,1,4,2,2,111,1,0
DI_SD1S_OTHER_DO_CABLE_FAIL.DV,4,0,0,1,4,2,2,112,1,0
DI_SD1S_OTHER_RE_CABLE_FAIL.DV,4,0,0,1,4,2,2,113,1,0
DI_SD1S_OTHER_DSP_A_HB_FAIL.DV,4,0,0,1,4,2,2,114,1,0
DI_SD1S_SPARE_1.DV,4,0,0,1,4,2,2,115,1,0
DI_SD1S_SPARE_2.DV,4,0,0,1,4,2,2,116,1,0
DI_SD1S_CI_START.DV,4,0,0,1,4,2,2,117,1,0
DI_SD1S_CI_ALARM_RESET.DV,4,0,0,1,4,2,2,118,1,0
DI_SD1S_CI_OUT.DV,4,0,0,1,4,2,2,119,1,0
DI_SD1S_CI_IN.DV,4,0,0,1,4,2,2,120,1,0
DI_SD1S_CI_GO.DV,4,0,0,1,4,2,2,121,1,0
DI_SD1S_CI_SPARE0.DV,4,0,0,1,4,2,2,122,1,0
DI_SD1S_CI_SPARE1.DV,4,0,0,1,4,2,2,123,1,0
DI_SD1S_CI_SPARE2.DV,4,0,0,1,4,2,2,124,1,0
DI_SD1S_CI_LD_SWITCH1.DV,4,0,0,1,4,2,2,125,1,0
DI_SD1S_CI_LD_SWITCH2.DV,4,0,0,1,4,2,2,126,1,0
DI_SD1S_CI_LD_SWITCH3.DV,4,0,0,1,4,2,2,127,1,0
DI_SD1S_CI_LD_SWITCH4.DV,4,0,0,1,4,2,2,128,1,0
DI_SD1S_CI_DOOR_F.DV,4,0,0,1,4,2,2,129,1,0
DI_SD1S_CI_DOOR_R.DV,4,0,0,1,4,2,2,130,1,0
DI_SD1S_CI_CABINET_FAN_FAIL_T.DV,4,0,0,1,4,2,2,131,1,0
DI_SD1S_CI_CABINET_FAN_FAIL_B.DV,4,0,0,1,4,2,2,132,1,0
DI_SD1S_CI_DH_SWITCH.DV,4,0,0,1,4,2,2,133,1,0
DI_SD1S_CI_120VAC_CB_P.DV,4,0,0,1,4,2,2,134,1,0
DI_SD1S_CI_120VAC_CB_S.DV,4,0,0,1,4,2,2,135,1,0
DI_SD1S_CI_120VAC_CB_A.DV,4,0,0,1,4,2,2,136,1,0
DI_SD1S_CI_24VDC_POWER_FAIL_P.DV,4,0,0,1,4,2,2,137,1,0
DI_SD1S_CI_24VDC_POWER_FAIL_S.DV,4,0,0,1,4,2,2,138,1,0
DI_SD1S_CI_COOLING_CON_FAIL.DV,4,0,0,1,4,2,2,139,1,0
DI_SD1S_CI_LAMP_TEST.DV,4,0,0,1,4,2,2,140,1,0
DI_SD1S_CI_PCM_LC_CONN_RE.DV,4,0,0,1,4,2,2,141,1,0
DI_SD1S_CI_PCM_MC_CONN_RE.DV,4,0,0,1,4,2,2,142,1,0
DI_SD1S_CI_PCM_SC_CONN_RE.DV,4,0,0,1,4,2,2,143,1,0
DI_SD1S_CI_RDNT_CONN_RE.DV,4,0,0,1,4,2,2,144,1,0
DI_SD1S_CI_LBRDNT_CONN_RE.DV,4,0,0,1,4,2,2,145,1,0
DI_SD1S_CI_DI_CONN_RE.DV,4,0,0,1,4,2,2,146,1,0
DI_SD1S_CI_DO_CONN_RE.DV,4,0,0,1,4,2,2,147,1,0
DI_SD1S_CI_LOCAL_ALARM_RESET.DV,4,0,0,1,4,2,2,148,1,0
DI_SD1S_CI_UNPLG_CARD_LC.DV,4,0,0,1,4,2,2,149,1,0
DI_SD1S_CI_UNPLG_CARD_MC.DV,4,0,0,1,4,2,2,150,1,0
DI_SD1S_CI_UNPLG_CARD_SC.DV,4,0,0,1,4,2,2,151,1,0
DI_SD1S_CI_UNPLG_CARD_DI.DV,4,0,0,1,4,2,2,152,1,0
DI_SD1S_CI_UNPLG_CARD_DO.DV,4,0,0,1,4,2,2,153,1,0
DI_SD1S_CO_UA.DV,4,0,0,1,4,2,2,154,1,0
DI_SD1S_CO_NUA.DV,4,0,0,1,4,2,2,155,1,0
DI_SD1S_CO_MC.DV,4,0,0,1,4,2,2,156,1,0
DI_SD1S_CO_READY.DV,4,0,0,1,4,2,2,157,1,0
DI_SD1S_CO_URGENT_LAMP.DV,4,0,0,1,4,2,2,158,1,0
DI_SD1S_CO_NONURGENT_LAMP.DV,4,0,0,1,4,2,2,159,1,0
DI_SD1S_CO_CYCLING_LAMP.DV,4,0,0,1,4,2,2,160,1,0
DI_SD1S_CO_DOUBLE_HOLD_LAMP.DV,4,0,0,1,4,2,2,161,1,0
DI_SD1S_CO_MG_POWER_LAMP.DV,4,0,0,1,4,2,2,162,1,0
DI_SD1S_CO_120VAC_N1_LAMP.DV,4,0,0,1,4,2,2,163,1,0
DI_SD1S_CO_120VAC_N2_LAMP.DV,4,0,0,1,4,2,2,164,1,0
DI_SD1S_CO_LD_LAMP.DV,4,0,0,1,4,2,2,165,1,0
DI_SD1S_CO_SIMULATION_LAMP.DV,4,0,0,1,4,2,2,166,1,0
DI_SD1S_CO_TEST_LAMP.DV,4,0,0,1,4,2,2,167,1,0
DI_SD1S_CO_RF_LED.DV,4,0,0,1,4,2,2,168,1,0
DI_SD1S_CO_PF_LED.DV,4,0,0,1,4,2,2,169,1,0
DI_SD1S_CO_MDFail_LED.DV,4,0,0,1,4,2,2,170,1,0
DI_SD1S_NORMAL_CAPABLE.DV,4,0,0,1,4,2,2,171,1,0
DI_SD1S_TEST_CAPABLE.DV,4,0,0,1,4,2,2,172,1,0
DI_SD1S_SIM_CAPABLE.DV,4,0,0,1,4,2,2,173,1,0
DI_SD1S_SPARE_3.DV,4,0,0,1,4,2,2,174,1,0
DI_SD1S_SPARE_4.DV,4,0,0,1,4,2,2,175,1,0
DI_SD1S_SPARE_5.DV,4,0,0,1,4,2,2,176,1,0
DI_SD1S_SPARE_6.DV,4,0,0,1,4,2,2,177,1,0
DI_SD1S_SPARE_7.DV,4,0,0,1,4,2,2,178,1,0
DI_SD1S_SPARE_8.DV,4,0,0,1,4,2,2,179,1,0
DI_SD1S_SPARE_9.DV,4,0,0,1,4,2,2,180,1,0
DI_SD1S_SIMULATION_EN.DV,4,0,0,1,4,2,2,181,1,0
DI_SD1S_TEST_EN.DV,4,0,0,1,4,2,2,182,1,0
DI_SD1S_FAT_CRDM_DIS.DV,4,0,0,1,4,2,2,183,1,0
DI_SD1S_FAT_RF_DIS.DV,4,0,0,1,4,2,2,184,1,0
DI_SD1S_GLITCH_EN.DV,4,0,0,1,4,2,2,185,1,0
DI_SD1S_MASTERSHIP.DV,4,0,0,1,4,2,2,186,1,0
DI_SD1S_SLAVE_CYCLER.DV,4,0,0,1,4,2,2,187,1,0
DI_SD1S_UA.DV,4,0,0,1,4,2,2,188,1,0
DI_SD1S_NUA.DV,4,0,0,1,4,2,2,189,1,0
DI_SD1S_MY_SD.DV,4,0,0,1,4,2,2,190,1,0
DI_SD1S_DOA_URGENT_LED.DV,4,0,0,1,4,2,2,191,1,0
DI_SD1S_DOA_NONURGENT_LED.DV,4,0,0,1,4,2,2,192,1,0
DI_SD1S_DOA_MC_LED.DV,4,0,0,1,4,2,2,193,1,0
DI_SD1S_DOA_READY.DV,4,0,0,1,4,2,2,194,1,0
DI_SD1S_DOB_URGENT_LAMP.DV,4,0,0,1,4,2,2,195,1,0
DI_SD1S_DOB_NONURGENT_LAMP.DV,4,0,0,1,4,2,2,196,1,0
DI_SD1S_DOB_CYCLING_LAMP.DV,4,0,0,1,4,2,2,197,1,0
DI_SD1S_DOB_DOUBLE_HOLD_LAMP.DV,4,0,0,1,4,2,2,198,1,0
DI_SD1S_DOB_MGPOWER_LAMP.DV,4,0,0,1,4,2,2,199,1,0
DI_SD1S_DOB_120VAC_P_LAMP.DV,4,0,0,1,4,2,2,200,1,0
DI_SD1S_DOB_120VAC_S_LAMP.DV,4,0,0,1,4,2,2,201,1,0
DI_SD1S_DOB_DISCON_SW_LAMP.DV,4,0,0,1,4,2,2,202,1,0
DI_SD1S_DOC_SIMUL_MODE_LAMP.DV,4,0,0,1,4,2,2,203,1,0
DI_SD1S_DOC_TEST_MODE_LAMP.DV,4,0,0,1,4,2,2,204,1,0
DI_SD1S_DOC_REG_FAIL_LED.DV,4,0,0,1,4,2,2,205,1,0
DI_SD1S_DOC_PHASE_FAIL_LED.DV,4,0,0,1,4,2,2,206,1,0
DI_SD1S_DOC_MD_FAIL_LED.DV,4,0,0,1,4,2,2,207,1,0
DO_SD1S_LC_DISCON_Y1_EN.DV,4,0,0,1,4,2,1,1,1,0
DO_SD1S_LC_DISCON_Y1_EN.DV,4,0,0,1,4,2,5,1,1,0
DO_SD1S_LC_DISCON_Y1_EN.DV,4,0,0,1,4,2,15,1,1,0
DO_SD1S_LC_DISCON_Y2_EN.DV,4,0,0,1,4,2,1,2,1,0
DO_SD1S_LC_DISCON_Y2_EN.DV,4,0,0,1,4,2,5,2,1,0
DO_SD1S_LC_DISCON_Y2_EN.DV,4,0,0,1,4,2,15,2,1,0
DO_SD1S_LC_DISCON_Y3_EN.DV,4,0,0,1,4,2,1,3,1,0
DO_SD1S_LC_DISCON_Y3_EN.DV,4,0,0,1,4,2,5,3,1,0
DO_SD1S_LC_DISCON_Y3_EN.DV,4,0,0,1,4,2,15,3,1,0
DO_SD1S_LC_DISCON_Y4_EN.DV,4,0,0,1,4,2,1,4,1,0
DO_SD1S_LC_DISCON_Y4_EN.DV,4,0,0,1,4,2,5,4,1,0
DO_SD1S_LC_DISCON_Y4_EN.DV,4,0,0,1,4,2,15,4,1,0
DO_SD1S_DOUBLE_HOLD_EN.DV,4,0,0,1,4,2,1,5,1,0
DO_SD1S_DOUBLE_HOLD_EN.DV,4,0,0,1,4,2,5,5,1,0
DO_SD1S_DOUBLE_HOLD_EN.DV,4,0,0,1,4,2,15,5,1,0
DO_SD1S_DOOR_OPEN_DIS.DV,4,0,0,1,4,2,1,6,1,0
DO_SD1S_DOOR_OPEN_DIS.DV,4,0,0,1,4,2,5,6,1,0
DO_SD1S_DOOR_OPEN_DIS.DV,4,0,0,1,4,2,15,6,1,0
AI_SD1S_RESERVED_1.AV,4,0,0,1,6,2,4,1,65535,0
AI_SD1S_RESERVED_2.AV,4,0,0,1,6,2,4,2,65535,0
AI_SD1S_RESERVED_3.AV,4,0,0,1,6,2,4,3,65535,0
AI_SD1S_RESERVED_4.AV,4,0,0,1,6,2,4,4,65535,0
AI_SD1S_RESERVED_5.AV,4,0,0,1,6,2,4,5,65535,0
AI_SD1S_RE6ERVED_5.AV,4,0,0,1,6,2,4,6,65535,0
AI_SD1S_DP_Y1.AV,4,0,0,1,6,2,4,7,65535,0
AI_SD1S_DP_Y2.AV,4,0,0,1,6,2,4,8,65535,0
AI_SD1S_DP_Y3.AV,4,0,0,1,6,2,4,9,65535,0
AI_SD1S_DP_Y4.AV,4,0,0,1,6,2,4,10,65535,0
AI_SD1S_LAST_RF_UPD.AV,4,0,0,1,6,2,4,11,100,0
AI_SD1S_LAST_STEP_UPDATED.AV,4,0,0,1,6,2,4,12,100,0
AI_SD1S_RF_TRACE_BLK_UPD.AV,4,0,0,1,6,2,4,13,100,0
AI_SD1S_STEP_TRACE_BLK_UPD.AV,4,0,0,1,6,2,4,14,100,0
AI_SD1S_SP_R_LC.AV,4,0,0,1,6,2,4,15,20,0
AI_SD1S_SP_L_LC.AV,4,0,0,1,6,2,4,16,500,0
AI_SD1S_SP_R_MC.AV,4,0,0,1,6,2,4,17,20,0
AI_SD1S_SP_L_MC.AV,4,0,0,1,6,2,4,18,500,0
AI_SD1S_SP_R_SC.AV,4,0,0,1,6,2,4,19,20,0
AI_SD1S_SP_L_SC.AV,4,0,0,1,6,2,4,20,500,0
AI_SD1S_SP_Kp_LC.AV,4,0,0,1,6,2,4,21,500,0
AI_SD1S_SP_Ki_LC.AV,4,0,0,1,6,2,4,22,1000,0
AI_SD1S_SP_Kp_MC.AV,4,0,0,1,6,2,4,23,500,0
AI_SD1S_SP_Ki_MC.AV,4,0,0,1,6,2,4,24,1000,0
AI_SD1S_SP_Kp_SC.AV,4,0,0,1,6,2,4,25,500,0
AI_SD1S_SP_Ki_SC.AV,4,0,0,1,6,2,4,26,1000,0
AI_SD1S_SP_T_RF1_TIMER_LC.AV,4,0,0,1,6,2,4,27,2000,0
AI_SD1S_SP_T_RF1_TIMER_MC.AV,4,0,0,1,6,2,4,28,2000,0
AI_SD1S_SP_T_RF1_TIMER_SC.AV,4,0,0,1,6,2,4,29,2000,0
AI_SD1S_SP_I_RF1_ZLO_LC.AV,4,0,0,1,6,2,4,30,60,-60
AI_SD1S_SP_I_RF1_ZHI_LC.AV,4,0,0,1,6,2,4,31,60,-60
AI_SD1S_SP_I_RF1_RLO_LC.AV,4,0,0,1,6,2,4,32,60,-60
AI_SD1S_SP_I_RF1_RHI_LC.AV,4,0,0,1,6,2,4,33,60,-60
AI_SD1S_SP_I_RF1_FLO_LC.AV,4,0,0,1,6,2,4,34,60,-60
AI_SD1S_SP_I_RF1_FHI_LC.AV,4,0,0,1,6,2,4,35,60,-60
AI_SD1S_SP_I_RF1_ZLO_MC.AV,4,0,0,1,6,2,4,36,60,-60
AI_SD1S_SP_I_RF1_ZHI_MC.AV,4,0,0,1,6,2,4,37,60,-60
AI_SD1S_SP_I_RF1_RLO_MC.AV,4,0,0,1,6,2,4,38,60,-60
AI_SD1S_SP_I_RF1_RHI_MC.AV,4,0,0,1,6,2,4,39,60,-60
AI_SD1S_SP_I_RF1_FLO_MC.AV,4,0,0,1,6,2,4,40,60,-60
AI_SD1S_SP_I_RF1_FHI_MC.AV,4,0,0,1,6,2,4,41,60,-60
AI_SD1S_SP_I_RF1_ZLO_SC.AV,4,0,0,1,6,2,4,42,60,-60
AI_SD1S_SP_I_RF1_ZHI_SC.AV,4,0,0,1,6,2,4,43,60,-60
AI_SD1S_SP_I_RF1_RLO_SC.AV,4,0,0,1,6,2,4,44,60,-60
AI_SD1S_SP_I_RF1_RHI_SC.AV,4,0,0,1,6,2,4,45,60,-60
AI_SD1S_SP_I_RF1_FLO_SC.AV,4,0,0,1,6,2,4,46,60,-60
AI_SD1S_SP_I_RF1_FHI_SC.AV,4,0,0,1,6,2,4,47,60,-60
AI_SD1S_SP_T_RF2_TIMER.AV,4,0,0,1,6,2,4,48,2000,0
AI_SD1S_SP_I_RF2_LEVEL.AV,4,0,0,1,6,2,4,49,60,0
AI_SD1S_SP_T_RF3_TIMER.AV,4,0,0,1,6,2,4,50,2000,0
AI_SD1S_SP_I_RF3_LEVEL.AV,4,0,0,1,6,2,4,51,60,0
AI_SD1S_SP_V_PF1_UV.AV,4,0,0,1,6,2,4,52,500,-500
AI_SD1S_SP_V_PF1_OV.AV,4,0,0,1,6,2,4,53,500,-500
AI_SD1S_SP_MD_LC_POS_DI.AV,4,0,0,1,6,2,4,54,500,-500
AI_SD1S_SP_MD_LC_NEG_DI.AV,4,0,0,1,6,2,4,55,500,-500
AI_SD1S_SP_MD_LC_LEVEL.AV,4,0,0,1,6,2,4,56,60,0
AI_SD1S_SP_MD_MC_POS_DI.AV,4,0,0,1,6,2,4,57,500,-500
AI_SD1S_SP_MD_MC_NEG_DI.AV,4,0,0,1,6,2,4,58,500,-500
AI_SD1S_SP_MD_MC_LEVEL.AV,4,0,0,1,6,2,4,59,60,0
AI_SD1S_SP_MD_SC_POS_DI.AV,4,0,0,1,6,2,4,60,500,-500
AI_SD1S_SP_MD_SC_NEG_DI.AV,4,0,0,1,6,2,4,61,500,-500
AI_SD1S_SP_MD_SC_LEVEL.AV,4,0,0,1,6,2,4,62,60,0
AI_SD1S_SP_V_PF3_UV.AV,4,0,0,1,6,2,4,63,500,0
AI_SD1S_SP_V_PF3_OV.AV,4,0,0,1,6,2,4,64,500,0
AI_SD1S_SP_V_PF3_TIME.AV,4,0,0,1,6,2,4,65,5000,0
AI_SD1S_SP_DN_LC_T1.AV,4,0,0,1,6,2,4,66,2000,0
AI_SD1S_SP_DN_LC_T2.AV,4,0,0,1,6,2,4,67,2000,0
AI_SD1S_SP_DN_LC_T3.AV,4,0,0,1,6,2,4,68,2000,0
AI_SD1S_SP_DN_LC_T4.AV,4,0,0,1,6,2,4,69,2000,0
AI_SD1S_SP_DN_LC_T5.AV,4,0,0,1,6,2,4,70,2000,0
AI_SD1S_SP_DN_LC_REF1.AV,4,0,0,1,6,2,4,71,60,0
AI_SD1S_SP_DN_LC_REF2.AV,4,0,0,1,6,2,4,72,60,0
AI_SD1S_SP_DN_LC_REF3.AV,4,0,0,1,6,2,4,73,60,0
AI_SD1S_SP_DN_LC_REF4.AV,4,0,0,1,6,2,4,74,60,0
AI_SD1S_SP_DN_LC_REF5.AV,4,0,0,1,6,2,4,75,60,0
AI_SD1S_SP_DN_MC_T1.AV,4,0,0,1,6,2,4,76,2000,0
AI_SD1S_SP_DN_MC_T2.AV,4,0,0,1,6,2,4,77,2000,0
AI_SD1S_SP_DN_MC_T3.AV,4,0,0,1,6,2,4,78,2000,0
AI_SD1S_SP_DN_MC_T4.AV,4,0,0,1,6,2,4,79,2000,0
AI_SD1S_SP_DN_MC_T5.AV,4,0,0,1,6,2,4,80,2000,0
AI_SD1S_SP_DN_MC_REF1.AV,4,0,0,1,6,2,4,81,60,0
AI_SD1S_SP_DN_MC_REF2.AV,4,0,0,1,6,2,4,82,60,0
AI_SD1S_SP_DN_MC_REF3.AV,4,0,0,1,6,2,4,83,60,0
AI_SD1S_SP_DN_MC_REF4.AV,4,0,0,1,6,2,4,84,60,0
AI_SD1S_SP_DN_MC_REF5.AV,4,0,0,1,6,2,4,85,60,0
AI_SD1S_SP_DN_SC_T1.AV,4,0,0,1,6,2,4,86,2000,0
AI_SD1S_SP_DN_SC_T2.AV,4,0,0,1,6,2,4,87,2000,0
AI_SD1S_SP_DN_SC_T3.AV,4,0,0,1,6,2,4,88,2000,0
AI_SD1S_SP_DN_SC_T4.AV,4,0,0,1,6,2,4,89,2000,0
AI_SD1S_SP_DN_SC_T5.AV,4,0,0,1,6,2,4,90,2000,0
AI_SD1S_SP_DN_SC_REF1.AV,4,0,0,1,6,2,4,91,60,0
AI_SD1S_SP_DN_SC_REF2.AV,4,0,0,1,6,2,4,92,60,0
AI_SD1S_SP_DN_SC_REF3.AV,4,0,0,1,6,2,4,93,60,0
AI_SD1S_SP_DN_SC_REF4.AV,4,0,0,1,6,2,4,94,60,0
AI_SD1S_SP_DN_SC_REF5.AV,4,0,0,1,6,2,4,95,60,0
AI_SD1S_SP_UP_LC_T1.AV,4,0,0,1,6,2,4,96,2000,0
AI_SD1S_SP_UP_LC_T2.AV,4,0,0,1,6,2,4,97,2000,0
AI_SD1S_SP_UP_LC_T3.AV,4,0,0,1,6,2,4,98,2000,0
AI_SD1S_SP_UP_LC_T4.AV,4,0,0,1,6,2,4,99,2000,0
AI_SD1S_SP_UP_LC_T5.AV,4,0,0,1,6,2,4,100,2000,0
AI_SD1S_SP_UP_LC_REF1.AV,4,0,0,1,6,2,4,101,60,0
AI_SD1S_SP_UP_LC_REF2.AV,4,0,0,1,6,2,4,102,60,0
AI_SD1S_SP_UP_LC_REF3.AV,4,0,0,1,6,2,4,103,60,0
AI_SD1S_SP_UP_LC_REF4.AV,4,0,0,1,6,2,4,104,60,0
AI_SD1S_SP_UP_LC_REF5.AV,4,0,0,1,6,2,4,105,60,0
AI_SD1S_SP_UP_MC_T1.AV,4,0,0,1,6,2,4,106,2000,0
AI_SD1S_SP_UP_MC_T2.AV,4,0,0,1,6,2,4,107,2000,0
AI_SD1S_SP_UP_MC_T3.AV,4,0,0,1,6,2,4,108,2000,0
AI_SD1S_SP_UP_MC_T4.AV,4,0,0,1,6,2,4,109,2000,0
AI_SD1S_SP_UP_MC_T5.AV,4,0,0,1,6,2,4,110,2000,0
AI_SD1S_SP_UP_MC_REF1.AV,4,0,0,1,6,2,4,111,60,0
AI_SD1S_SP_UP_MC_REF2.AV,4,0,0,1,6,2,4,112,60,0
AI_SD1S_SP_UP_MC_REF3.AV,4,0,0,1,6,2,4,113,60,0
AI_SD1S_SP_UP_MC_REF4.AV,4,0,0,1,6,2,4,114,60,0
AI_SD1S_SP_UP_MC_REF5.AV,4,0,0,1,6,2,4,115,60,0
AI_SD1S_SP_UP_SC_T1.AV,4,0,0,1,6,2,4,116,2000,0
AI_SD1S_SP_UP_SC_T2.AV,4,0,0,1,6,2,4,117,2000,0
AI_SD1S_SP_UP_SC_T3.AV,4,0,0,1,6,2,4,118,2000,0
AI_SD1S_SP_UP_SC_T4.AV,4,0,0,1,6,2,4,119,2000,0
AI_SD1S_SP_UP_SC_T5.AV,4,0,0,1,6,2,4,120,2000,0
AI_SD1S_SP_UP_SC_REF1.AV,4,0,0,1,6,2,4,121,60,0
AI_SD1S_SP_UP_SC_REF2.AV,4,0,0,1,6,2,4,122,60,0
AI_SD1S_SP_UP_SC_REF3.AV,4,0,0,1,6,2,4,123,60,0
AI_SD1S_SP_UP_SC_REF4.AV,4,0,0,1,6,2,4,124,60,0
AI_SD1S_SP_UP_SC_REF5.AV,4,0,0,1,6,2,4,125,60,0
AI_SD1S_SP_SCALE_I_LC_1.AV,4,0,0,1,6,2,4,126,5,-5
AI_SD1S_SP_SCALE_I_LC_2.AV,4,0,0,1,6,2,4,127,5,-5
AI_SD1S_SP_SCALE_I_LC_3.AV,4,0,0,1,6,2,4,128,5,-5
AI_SD1S_SP_SCALE_I_LC_4.AV,4,0,0,1,6,2,4,129,5,-5
AI_SD1S_SP_SCALE_I_MC_1.AV,4,0,0,1,6,2,4,130,5,-5
AI_SD1S_SP_SCALE_I_MC_2.AV,4,0,0,1,6,2,4,131,5,-5
AI_SD1S_SP_SCALE_I_MC_3.AV,4,0,0,1,6,2,4,132,5,-5
AI_SD1S_SP_SCALE_I_MC_4.AV,4,0,0,1,6,2,4,133,5,-5
AI_SD1S_SP_SCALE_I_SC_1.AV,4,0,0,1,6,2,4,134,5,-5
AI_SD1S_SP_SCALE_I_SC_2.AV,4,0,0,1,6,2,4,135,5,-5
AI_SD1S_SP_SCALE_I_SC_3.AV,4,0,0,1,6,2,4,136,5,-5
AI_SD1S_SP_SCALE_I_SC_4.AV,4,0,0,1,6,2,4,137,5,-5
AI_SD1S_SP_SCALE_V_SC.AV,4,0,0,1,6,2,4,138,5,-5
AI_SD1S_SP_SCALE_V_MC.AV,4,0,0,1,6,2,4,139,5,-5
AI_SD1S_SP_SCALE_V_LC.AV,4,0,0,1,6,2,4,140,5,-5
AI_SD1S_SP_SCALE_V_R1.AV,4,0,0,1,6,2,4,141,5,-5
AI_SD1S_SP_SCALE_V_S1.AV,4,0,0,1,6,2,4,142,5,-5
AI_SD1S_SP_SCALE_V_T1.AV,4,0,0,1,6,2,4,143,5,-5
AI_SD1S_SP_SCALE_V_R2.AV,4,0,0,1,6,2,4,144,5,-5
AI_SD1S_SP_SCALE_V_S2.AV,4,0,0,1,6,2,4,145,5,-5
AI_SD1S_SP_SCALE_V_T2.AV,4,0,0,1,6,2,4,146,5,-5
AI_SD1S_SP_SCALE_V_DC24_P.AV,4,0,0,1,6,2,4,147,5,-5
AI_SD1S_SP_SCALE_V_DC24_S.AV,4,0,0,1,6,2,4,148,5,-5
AI_SD1S_SP_OFFSET_I_LC_1.AV,4,0,0,1,6,2,4,149,5,-5
AI_SD1S_SP_OFFSET_I_LC_2.AV,4,0,0,1,6,2,4,150,5,-5
AI_SD1S_SP_OFFSET_I_LC_3.AV,4,0,0,1,6,2,4,151,5,-5
AI_SD1S_SP_OFFSET_I_LC_4.AV,4,0,0,1,6,2,4,152,5,-5
AI_SD1S_SP_OFFSET_I_MC_1.AV,4,0,0,1,6,2,4,153,5,-5
AI_SD1S_SP_OFFSET_I_MC_2.AV,4,0,0,1,6,2,4,154,5,-5
AI_SD1S_SP_OFFSET_I_MC_3.AV,4,0,0,1,6,2,4,155,5,-5
AI_SD1S_SP_OFFSET_I_MC_4.AV,4,0,0,1,6,2,4,156,5,-5
AI_SD1S_SP_OFFSET_I_SC_1.AV,4,0,0,1,6,2,4,157,5,-5
AI_SD1S_SP_OFFSET_I_SC_2.AV,4,0,0,1,6,2,4,158,5,-5
AI_SD1S_SP_OFFSET_I_SC_3.AV,4,0,0,1,6,2,4,159,5,-5
AI_SD1S_SP_OFFSET_I_SC_4.AV,4,0,0,1,6,2,4,160,5,-5
AI_SD1S_SP_OFFSET_V_SC.AV,4,0,0,1,6,2,4,161,5,-5
AI_SD1S_SP_OFFSET_V_MC.AV,4,0,0,1,6,2,4,162,5,-5
AI_SD1S_SP_OFFSET_V_LC.AV,4,0,0,1,6,2,4,163,5,-5
AI_SD1S_SP_OFFSET_V_R1.AV,4,0,0,1,6,2,4,164,5,-5
AI_SD1S_SP_OFFSET_V_S1.AV,4,0,0,1,6,2,4,165,5,-5
AI_SD1S_SP_OFFSET_V_T1.AV,4,0,0,1,6,2,4,166,5,-5
AI_SD1S_SP_OFFSET_V_R2.AV,4,0,0,1,6,2,4,167,5,-5
AI_SD1S_SP_OFFSET_V_S2.AV,4,0,0,1,6,2,4,168,5,-5
AI_SD1S_SP_OFFSET_V_T2.AV,4,0,0,1,6,2,4,169,5,-5
AI_SD1S_SP_OFFSET_V_DC24_P.AV,4,0,0,1,6,2,4,170,5,-5
AI_SD1S_SP_OFFSET_V_DC24_S.AV,4,0,0,1,6,2,4,171,5,-5
AI_SD1S_SP_LC_CR_GAP.AV,4,0,0,1,6,2,4,172,20,0
AI_SD1S_SP_LC_CR_TIME.AV,4,0,0,1,6,2,4,173,10,0
AI_SD1S_SP_MC_CR_GAP.AV,4,0,0,1,6,2,4,174,10,0
AI_SD1S_SPMC_CR_TIME.AV,4,0,0,1,6,2,4,175,20,0
AI_SD1S_SP_SC_CR_GAP.AV,4,0,0,1,6,2,4,176,20,0
AI_SD1S_SP_SC_CR_TIME.AV,4,0,0,1,6,2,4,177,10,0
AI_SD1S_SP_SC_CI_HIGH.AV,4,0,0,1,6,2,4,178,60,-60
AI_SD1S_SP_SC_CI_TIME.AV,4,0,0,1,6,2,4,179,12,0
AI_SD1S_SP_MC_DH_FULL.AV,4,0,0,1,6,2,4,180,200,0
AI_SD1S_SP_MC_DH_RED.AV,4,0,0,1,6,2,4,181,200,0
AI_SD1S_SP_MC_DH_TIME.AV,4,0,0,1,6,2,4,182,1000,0
AI_SD1S_SP_SC_DH_FULL.AV,4,0,0,1,6,2,4,183,200,0
AI_SD1S_SP_SC_DH_RED.AV,4,0,0,1,6,2,4,184,200,0
AI_SD1S_SP_SC_DH_TIME.AV,4,0,0,1,6,2,4,185,1000,0
AI_SD1S_SP_DH_FAIL1_LEVEL.AV,4,0,0,1,6,2,4,186,200,0
AI_SD1S_SP_DH_FAIL1_TIME.AV,4,0,0,1,6,2,4,187,2000,0
AI_SD1S_SP_DH_FAIL2_LEVEL.AV,4,0,0,1,6,2,4,188,200,0
AI_SD1S_SP_DH_FAIL2_TIME.AV,4,0,0,1,6,2,4,189,2000,0
AI_SD1S_SPARE_1.AV,4,0,0,1,6,2,4,190,65535,0
AI_SD1S_SPARE_2.AV,4,0,0,1,6,2,4,191,65535,0
AI_SD1S_SPARE_3.AV,4,0,0,1,6,2,4,192,65535,0
AI_SD1S_SPARE_4.AV,4,0,0,1,6,2,4,193,65535,0
AI_SD1S_SPARE_5.AV,4,0,0,1,6,2,4,194,65535,0
AI_SD1S_SPARE_6.AV,4,0,0,1,6,2,4,195,65535,0
AI_SD1S_SPARE_7.AV,4,0,0,1,6,2,4,196,65535,0
AI_SD1S_SPARE_8.AV,4,0,0,1,6,2,4,197,65535,0
AI_SD1S_SPARE_9.AV,4,0,0,1,6,2,4,198,65535,0
AI_SD1S_SPARE_10.AV,4,0,0,1,6,2,4,199,65535,0
AI_SD1S_SPARE_11.AV,4,0,0,1,6,2,4,200,65535,0
AI_SD1S_SPARE_12.AV,4,0,0,1,6,2,4,201,65535,0
AI_SD1S_SPARE_13.AV,4,0,0,1,6,2,4,202,65535,0
AI_SD1S_SPARE_14.AV,4,0,0,1,6,2,4,203,65535,0
AI_SD1S_SPARE_15.AV,4,0,0,1,6,2,4,204,65535,0
AI_SD1S_SPARE_16.AV,4,0,0,1,6,2,4,205,65535,0
AI_SD1S_SPARE_17.AV,4,0,0,1,6,2,4,206,65535,0
AI_SD1S_I_LC_Y1.AV,4,0,0,1,6,2,4,207,60,0
AI_SD1S_I_MC_Y1.AV,4,0,0,1,6,2,4,208,60,0
AI_SD1S_I_SC_Y1.AV,4,0,0,1,6,2,4,209,60,0
AI_SD1S_I_LC_Y2.AV,4,0,0,1,6,2,4,210,60,0
AI_SD1S_I_MC_Y2.AV,4,0,0,1,6,2,4,211,60,0
AI_SD1S_I_SC_Y2.AV,4,0,0,1,6,2,4,212,60,0
AI_SD1S_I_LC_Y3.AV,4,0,0,1,6,2,4,213,60,0
AI_SD1S_I_MC_Y3.AV,4,0,0,1,6,2,4,214,60,0
AI_SD1S_I_SC_Y3.AV,4,0,0,1,6,2,4,215,60,0
AI_SD1S_I_LC_Y4.AV,4,0,0,1,6,2,4,216,60,0
AI_SD1S_I_MC_Y4.AV,4,0,0,1,6,2,4,217,60,0
AI_SD1S_I_SC_Y4.AV,4,0,0,1,6,2,4,218,60,0
AI_SD1S_IC_SC.AV,4,0,0,1,6,2,4,219,60,0
AI_SD1S_IC_MC.AV,4,0,0,1,6,2,4,220,60,0
AI_SD1S_IC_LC.AV,4,0,0,1,6,2,4,221,60,0
AI_SD1S_V_LC.AV,4,0,0,1,6,2,4,222,250,-250
AI_SD1S_V_MC.AV,4,0,0,1,6,2,4,223,250,-250
AI_SD1S_V_SC.AV,4,0,0,1,6,2,4,224,250,-250
AI_SD1S_MGSET_V_R1.AV,4,0,0,1,6,2,4,225,500,0
AI_SD1S_MGSET_V_S1.AV,4,0,0,1,6,2,4,226,500,0
AI_SD1S_MGSET_V_T1.AV,4,0,0,1,6,2,4,227,500,0
AI_SD1S_MGSET_V_R2.AV,4,0,0,1,6,2,4,228,500,0
AI_SD1S_MGSET_V_S2.AV,4,0,0,1,6,2,4,229,500,0
AI_SD1S_MGSET_V_T2.AV,4,0,0,1,6,2,4,230,500,0
AI_SD1S_24VDC_V_P.AV,4,0,0,1,6,2,4,231,50,0
AI_SD1S_24VDC_V_S.AV,4,0,0,1,6,2,4,232,50,0
AI_SD1S_CR_LC_Y1.AV,4,0,0,1,6,2,4,233,20,0
AI_SD1S_CR_MC_Y1.AV,4,0,0,1,6,2,4,234,20,0
AI_SD1S_CR_SC_Y1.AV,4,0,0,1,6,2,4,235,20,0
AI_SD1S_CR_LC_Y2.AV,4,0,0,1,6,2,4,236,20,0
AI_SD1S_CR_MC_Y2.AV,4,0,0,1,6,2,4,237,20,0
AI_SD1S_CR_SC_Y2.AV,4,0,0,1,6,2,4,238,20,0
AI_SD1S_CR_LC_Y3.AV,4,0,0,1,6,2,4,239,20,0
AI_SD1S_CR_MC_Y3.AV,4,0,0,1,6,2,4,240,20,0
AI_SD1S_CR_SC_Y3.AV,4,0,0,1,6,2,4,241,20,0
AI_SD1S_CR_LC_Y4.AV,4,0,0,1,6,2,4,242,20,0
AI_SD1S_CR_MC_Y4.AV,4,0,0,1,6,2,4,243,20,0
AI_SD1S_CR_SC_Y4.AV,4,0,0,1,6,2,4,244,20,0
AI_SD1S_CI_LC_Y1.AV,4,0,0,1,6,2,4,245,60,-60
AI_SD1S_CI_MC_Y1.AV,4,0,0,1,6,2,4,246,60,-60
AI_SD1S_CI_SC_Y1.AV,4,0,0,1,6,2,4,247,60,-60
AI_SD1S_CI_LC_Y2.AV,4,0,0,1,6,2,4,248,60,-60
AI_SD1S_CI_MC_Y2.AV,4,0,0,1,6,2,4,249,60,-60
AI_SD1S_CI_SC_Y2.AV,4,0,0,1,6,2,4,250,60,-60
AI_SD1S_CI_LC_Y3.AV,4,0,0,1,6,2,4,251,60,-60
AI_SD1S_CI_MC_Y3.AV,4,0,0,1,6,2,4,252,60,-60
AI_SD1S_CI_SC_Y3.AV,4,0,0,1,6,2,4,253,60,-60
AI_SD1S_CI_LC_Y4.AV,4,0,0,1,6,2,4,254,60,-60
AI_SD1S_CI_MC_Y4.AV,4,0,0,1,6,2,4,255,60,-60
AI_SD1S_CI_SC_Y4.AV,4,0,0,1,6,2,4,256,60,-60
AI_SD1S_CV_LC.AV,4,0,0,1,6,2,4,257,500,0
AI_SD1S_CV_MC.AV,4,0,0,1,6,2,4,258,500,0
AI_SD1S_CV_SC.AV,4,0,0,1,6,2,4,259,500,0
AI_SD1S_SPARE_18.AV,4,0,0,1,6,2,4,260,65535,0
AI_SD1S_DOA_RbFail.AV,4,0,0,1,6,2,4,261,65535,0
AI_SD1S_DOB_RbFail.AV,4,0,0,1,6,2,4,262,65535,0
AI_SD1S_DOC_RbFail.AV,4,0,0,1,6,2,4,263,65535,0
AI_SD1S_SW_VER_DSPA.AV,4,0,0,1,6,2,4,264,65535,0
AI_SD1S_SW_VER_FDSPA1.AV,4,0,0,1,6,2,4,265,65535,0
AI_SD1S_SW_VER_FDSPA2.AV,4,0,0,1,6,2,4,266,65535,0
AI_SD1S_SW_VER_DSPB.AV,4,0,0,1,6,2,4,267,65535,0
AI_SD1S_SW_VER_FDSPB.AV,4,0,0,1,6,2,4,268,65535,0
AI_SD1S_OPERATION_MODE.AV,4,0,0,1,6,2,4,269,65535,0
AI_SD1S_SPARE_19.AV,4,0,0,1,6,2,4,270,65535,0
AI_SD1S_SPARE_20.AV,4,0,0,1,6,2,4,271,65535,0
AI_SD1S_SPARE_21.AV,4,0,0,1,6,2,4,272,65535,0
AI_SD1S_SPARE_22.AV,4,0,0,1,6,2,4,273,65535,0
AI_SD1S_SPARE_23.AV,4,0,0,1,6,2,4,274,65535,0
AI_SD1S_SPARE_24.AV,4,0,0,1,6,2,4,275,65535,0
AI_SD1S_SPARE_25.AV,4,0,0,1,6,2,4,276,65535,0
AI_SD1S_SPARE_26.AV,4,0,0,1,6,2,4,277,65535,0
AI_SD1S_SPARE_27.AV,4,0,0,1,6,2,4,278,65535,0
AI_SD1S_SPARE_28.AV,4,0,0,1,6,2,4,279,65535,0
AI_SD1S_RF1_NUM.AV,4,0,0,1,6,2,4,280,65535,0
AI_SD1S_RF1_YEAR.AV,4,0,0,1,6,2,4,281,65535,0
AI_SD1S_RF1_MONTH.AV,4,0,0,1,6,2,4,282,65535,0
AI_SD1S_RF1_DAY.AV,4,0,0,1,6,2,4,283,65535,0
AI_SD1S_RF1_HOUR.AV,4,0,0,1,6,2,4,284,65535,0
AI_SD1S_RF1_MIN.AV,4,0,0,1,6,2,4,285,65535,0
AI_SD1S_RF1_SEC.AV,4,0,0,1,6,2,4,286,65535,0
AI_SD1S_RF1_MSEC.AV,4,0,0,1,6,2,4,287,65535,0
AI_SD1S_RF2_NUM.AV,4,0,0,1,6,2,4,288,65535,0
AI_SD1S_RF2_YEAR.AV,4,0,0,1,6,2,4,289,65535,0
AI_SD1S_RF2_MONTH.AV,4,0,0,1,6,2,4,290,65535,0
AI_SD1S_RF2_DAY.AV,4,0,0,1,6,2,4,291,65535,0
AI_SD1S_RF2_HOUR.AV,4,0,0,1,6,2,4,292,65535,0
AI_SD1S_RF2_MIN.AV,4,0,0,1,6,2,4,293,65535,0
AI_SD1S_RF2_SEC.AV,4,0,0,1,6,2,4,294,65535,0
AI_SD1S_RF2_MSEC.AV,4,0,0,1,6,2,4,295,65535,0
AI_SD1S_RF3_NUM.AV,4,0,0,1,6,2,4,296,65535,0
AI_SD1S_RF3_YEAR.AV,4,0,0,1,6,2,4,297,65535,0
AI_SD1S_RF3_MONTH.AV,4,0,0,1,6,2,4,298,65535,0
AI_SD1S_RF3_DAY.AV,4,0,0,1,6,2,4,299,65535,0
AI_SD1S_RF3_HOUR.AV,4,0,0,1,6,2,4,300,65535,0
AI_SD1S_RF3_MIN.AV,4,0,0,1,6,2,4,301,65535,0
AI_SD1S_RF3_SEC.AV,4,0,0,1,6,2,4,302,65535,0
AI_SD1S_RF3_MSEC.AV,4,0,0,1,6,2,4,303,65535,0
AI_SD1S_RF4_NUM.AV,4,0,0,1,6,2,4,304,65535,0
AI_SD1S_RF4_YEAR.AV,4,0,0,1,6,2,4,305,65535,0
AI_SD1S_RF4_MONTH.AV,4,0,0,1,6,2,4,306,65535,0
AI_SD1S_RF4_DAY.AV,4,0,0,1,6,2,4,307,65535,0
AI_SD1S_RF4_HOUR.AV,4,0,0,1,6,2,4,308,65535,0
AI_SD1S_RF4_MIN.AV,4,0,0,1,6,2,4,309,65535,0
AI_SD1S_RF4_SEC.AV,4,0,0,1,6,2,4,310,65535,0
AI_SD1S_RF4_MSEC.AV,4,0,0,1,6,2,4,311,65535,0
AI_SD1S_SPARE_29.AV,4,0,0,1,6,2,4,312,65535,0
AI_SD1S_S1_NUM.AV,4,0,0,1,6,2,4,313,65535,0
AI_SD1S_S1_YEAR.AV,4,0,0,1,6,2,4,314,65535,0
AI_SD1S_S1_MONTH.AV,4,0,0,1,6,2,4,315,65535,0
AI_SD1S_S1_DAY.AV,4,0,0,1,6,2,4,316,65535,0
AI_SD1S_S1_HOUR.AV,4,0,0,1,6,2,4,317,65535,0
AI_SD1S_S1_MIN.AV,4,0,0,1,6,2,4,318,65535,0
AI_SD1S_S1_SEC.AV,4,0,0,1,6,2,4,319,65535,0
AI_SD1S_S2_NUM.AV,4,0,0,1,6,2,4,320,65535,0
AI_SD1S_S2_YEAR.AV,4,0,0,1,6,2,4,321,65535,0
AI_SD1S_S2_MONTH.AV,4,0,0,1,6,2,4,322,65535,0
AI_SD1S_S2_DAY.AV,4,0,0,1,6,2,4,323,65535,0
AI_SD1S_S2_HOUR.AV,4,0,0,1,6,2,4,324,65535,0
AI_SD1S_S2_MIN.AV,4,0,0,1,6,2,4,325,65535,0
AI_SD1S_S2_SEC.AV,4,0,0,1,6,2,4,326,65535,0
AI_SD1S_S3_NUM.AV,4,0,0,1,6,2,4,327,65535,0
AI_SD1S_S3_YEAR.AV,4,0,0,1,6,2,4,328,65535,0
AI_SD1S_S3_MONTH.AV,4,0,0,1,6,2,4,329,65535,0
AI_SD1S_S3_DAY.AV,4,0,0,1,6,2,4,330,65535,0
AI_SD1S_S3_HOUR.AV,4,0,0,1,6,2,4,331,65535,0
AI_SD1S_S3_MIN.AV,4,0,0,1,6,2,4,332,65535,0
AI_SD1S_S3_SEC.AV,4,0,0,1,6,2,4,333,65535,0
AI_SD1S_S4_NUM.AV,4,0,0,1,6,2,4,334,65535,0
AI_SD1S_S4_YEAR.AV,4,0,0,1,6,2,4,335,65535,0
AI_SD1S_S4_MONTH.AV,4,0,0,1,6,2,4,336,65535,0
AI_SD1S_S4_DAY.AV,4,0,0,1,6,2,4,337,65535,0
AI_SD1S_S4_HOUR.AV,4,0,0,1,6,2,4,338,65535,0
AI_SD1S_S4_MIN.AV,4,0,0,1,6,2,4,339,65535,0
AI_SD1S_S4_SEC.AV,4,0,0,1,6,2,4,340,65535,0
AI_SD1S_S5_NUM.AV,4,0,0,1,6,2,4,341,65535,0
AI_SD1S_S5_YEAR.AV,4,0,0,1,6,2,4,342,65535,0
AI_SD1S_S5_MONTH.AV,4,0,0,1,6,2,4,343,65535,0
AI_SD1S_S5_DAY.AV,4,0,0,1,6,2,4,344,65535,0
AI_SD1S_S5_HOUR.AV,4,0,0,1,6,2,4,345,65535,0
AI_SD1S_S5_MIN.AV,4,0,0,1,6,2,4,346,65535,0
AI_SD1S_S5_SEC.AV,4,0,0,1,6,2,4,347,65535,0
AI_SD1S_S6_NUM.AV,4,0,0,1,6,2,4,348,65535,0
AI_SD1S_S6_YEAR.AV,4,0,0,1,6,2,4,349,65535,0
AI_SD1S_S6_MONTH.AV,4,0,0,1,6,2,4,350,65535,0
AI_SD1S_S6_DAY.AV,4,0,0,1,6,2,4,351,65535,0
AI_SD1S_S6_HOUR.AV,4,0,0,1,6,2,4,352,65535,0
AI_SD1S_S6_MIN.AV,4,0,0,1,6,2,4,353,65535,0
AI_SD1S_S6_SEC.AV,4,0,0,1,6,2,4,354,65535,0
AI_SD1S_S7_NUM.AV,4,0,0,1,6,2,4,355,65535,0
AI_SD1S_S7_YEAR.AV,4,0,0,1,6,2,4,356,65535,0
AI_SD1S_S7_MONTH.AV,4,0,0,1,6,2,4,357,65535,0
AI_SD1S_S7_DAY.AV,4,0,0,1,6,2,4,358,65535,0
AI_SD1S_S7_HOUR.AV,4,0,0,1,6,2,4,359,65535,0
AI_SD1S_S7_MIN.AV,4,0,0,1,6,2,4,360,65535,0
AI_SD1S_S7_SEC.AV,4,0,0,1,6,2,4,361,65535,0
AI_SD1S_S8_NUM.AV,4,0,0,1,6,2,4,362,65535,0
AI_SD1S_S8_YEAR.AV,4,0,0,1,6,2,4,363,65535,0
AI_SD1S_S8_MONTH.AV,4,0,0,1,6,2,4,364,65535,0
AI_SD1S_S8_DAY.AV,4,0,0,1,6,2,4,365,65535,0
AI_SD1S_S8_HOUR.AV,4,0,0,1,6,2,4,366,65535,0
AI_SD1S_S8_MIN.AV,4,0,0,1,6,2,4,367,65535,0
AI_SD1S_S8_SEC.AV,4,0,0,1,6,2,4,368,65535,0
AI_SD1S_S9_NUM.AV,4,0,0,1,6,2,4,369,65535,0
AI_SD1S_S9_YEAR.AV,4,0,0,1,6,2,4,370,65535,0
AI_SD1S_S9_MONTH.AV,4,0,0,1,6,2,4,371,65535,0
AI_SD1S_S9_DAY.AV,4,0,0,1,6,2,4,372,65535,0
AI_SD1S_S9_HOUR.AV,4,0,0,1,6,2,4,373,65535,0
AI_SD1S_S9_MIN.AV,4,0,0,1,6,2,4,374,65535,0
AI_SD1S_S9_SEC.AV,4,0,0,1,6,2,4,375,65535,0
AI_SD1S_S10_NUM.AV,4,0,0,1,6,2,4,376,65535,0
AI_SD1S_S10_YEAR.AV,4,0,0,1,6,2,4,377,65535,0
AI_SD1S_S10_MONTH.AV,4,0,0,1,6,2,4,378,65535,0
AI_SD1S_S10_DAY.AV,4,0,0,1,6,2,4,379,65535,0
AI_SD1S_S10_HOUR.AV,4,0,0,1,6,2,4,380,65535,0
AI_SD1S_S10_MIN.AV,4,0,0,1,6,2,4,381,65535,0
AI_SD1S_S10_SEC.AV,4,0,0,1,6,2,4,382,65535,0
AI_SD1S_BUF800_1.AV,4,0,0,1,6,2,4,383,65535,0
AI_SD1S_BUF800_2.AV,4,0,0,1,6,2,4,384,65535,0
AI_SD1S_BUF800_3.AV,4,0,0,1,6,2,4,385,65535,0
AI_SD1S_BUF800_4.AV,4,0,0,1,6,2,4,386,65535,0
AI_SD1S_BUF800_5.AV,4,0,0,1,6,2,4,387,65535,0
AI_SD1S_BUF800_6.AV,4,0,0,1,6,2,4,388,65535,0
AI_SD1S_BUF800_7.AV,4,0,0,1,6,2,4,389,65535,0
AI_SD1S_BUF800_8.AV,4,0,0,1,6,2,4,390,65535,0
AO_SD1S_RESERVED_1.AV,4,0,0,1,6,2,3,1,100,0
AO_SD1S_RESERVED_1.AV,4,0,0,1,6,2,6,1,100,0
AO_SD1S_RESERVED_1.AV,4,0,0,1,6,2,16,1,100,0
AO_SD1S_RESERVED_2.AV,4,0,0,1,6,2,3,2,100,0
AO_SD1S_RESERVED_2.AV,4,0,0,1,6,2,6,2,100,0
AO_SD1S_RESERVED_2.AV,4,0,0,1,6,2,16,2,100,0
AO_SD1S_RESERVED_3.AV,4,0,0,1,6,2,3,3,100,0
AO_SD1S_RESERVED_3.AV,4,0,0,1,6,2,6,3,100,0
AO_SD1S_RESERVED_3.AV,4,0,0,1,6,2,16,3,100,0
AO_SD1S_RESERVED_4.AV,4,0,0,1,6,2,3,4,100,0
AO_SD1S_RESERVED_4.AV,4,0,0,1,6,2,6,4,100,0
AO_SD1S_RESERVED_4.AV,4,0,0,1,6,2,16,4,100,0
AO_SD1S_RESERVED_5.AV,4,0,0,1,6,2,3,5,100,0
AO_SD1S_RESERVED_5.AV,4,0,0,1,6,2,6,5,100,0
AO_SD1S_RESERVED_5.AV,4,0,0,1,6,2,16,5,100,0
AO_SD1S_RESERVED_6.AV,4,0,0,1,6,2,3,6,100,0
AO_SD1S_RESERVED_6.AV,4,0,0,1,6,2,6,6,100,0
AO_SD1S_RESERVED_6.AV,4,0,0,1,6,2,16,6,100,0
AO_SD1S_RESERVED_7.AV,4,0,0,1,6,2,3,7,100,0
AO_SD1S_RESERVED_7.AV,4,0,0,1,6,2,6,7,100,0
AO_SD1S_RESERVED_7.AV,4,0,0,1,6,2,16,7,100,0
AO_SD1S_RESERVED_8.AV,4,0,0,1,6,2,3,8,100,0
AO_SD1S_RESERVED_8.AV,4,0,0,1,6,2,6,8,100,0
AO_SD1S_RESERVED_8.AV,4,0,0,1,6,2,16,8,100,0
AO_SD1S_RESERVED_9.AV,4,0,0,1,6,2,3,9,100,0
AO_SD1S_RESERVED_9.AV,4,0,0,1,6,2,6,9,100,0
AO_SD1S_RESERVED_9.AV,4,0,0,1,6,2,16,9,100,0
AO_SD1S_COIL_SELECTION.AV,4,0,0,1,6,2,3,10,65535,0
AO_SD1S_COIL_SELECTION.AV,4,0,0,1,6,2,6,10,65535,0
AO_SD1S_COIL_SELECTION.AV,4,0,0,1,6,2,16,10,65535,0
AO_SD1S_EVENT_TRACE_BLOCK.AV,4,0,0,1,6,2,3,11,100,0
AO_SD1S_EVENT_TRACE_BLOCK.AV,4,0,0,1,6,2,6,11,100,0
AO_SD1S_EVENT_TRACE_BLOCK.AV,4,0,0,1,6,2,16,11,100,0
AO_SD1S_STEP_TRACE_BLOCK.AV,4,0,0,1,6,2,3,12,100,0
AO_SD1S_STEP_TRACE_BLOCK.AV,4,0,0,1,6,2,6,12,100,0
AO_SD1S_STEP_TRACE_BLOCK.AV,4,0,0,1,6,2,16,12,100,0
AO_SD1S_SP_R_LC.AV,4,0,0,1,6,2,3,13,20,0
AO_SD1S_SP_R_LC.AV,4,0,0,1,6,2,6,13,20,0
AO_SD1S_SP_R_LC.AV,4,0,0,1,6,2,16,13,20,0
AO_SD1S_SP_L_LC.AV,4,0,0,1,6,2,3,14,500,0
AO_SD1S_SP_L_LC.AV,4,0,0,1,6,2,6,14,500,0
AO_SD1S_SP_L_LC.AV,4,0,0,1,6,2,16,14,500,0
AO_SD1S_SP_R_MC.AV,4,0,0,1,6,2,3,15,20,0
AO_SD1S_SP_R_MC.AV,4,0,0,1,6,2,6,15,20,0
AO_SD1S_SP_R_MC.AV,4,0,0,1,6,2,16,15,20,0
AO_SD1S_SP_L_MC.AV,4,0,0,1,6,2,3,16,500,0
AO_SD1S_SP_L_MC.AV,4,0,0,1,6,2,6,16,500,0
AO_SD1S_SP_L_MC.AV,4,0,0,1,6,2,16,16,500,0
AO_SD1S_SP_R_SC.AV,4,0,0,1,6,2,3,17,20,0
AO_SD1S_SP_R_SC.AV,4,0,0,1,6,2,6,17,20,0
AO_SD1S_SP_R_SC.AV,4,0,0,1,6,2,16,17,20,0
AO_SD1S_SP_L_SC.AV,4,0,0,1,6,2,3,18,500,0
AO_SD1S_SP_L_SC.AV,4,0,0,1,6,2,6,18,500,0
AO_SD1S_SP_L_SC.AV,4,0,0,1,6,2,16,18,500,0
AO_SD1S_SP_KP_LC.AV,4,0,0,1,6,2,3,19,500,0
AO_SD1S_SP_KP_LC.AV,4,0,0,1,6,2,6,19,500,0
AO_SD1S_SP_KP_LC.AV,4,0,0,1,6,2,16,19,500,0
AO_SD1S_SP_KI_LC.AV,4,0,0,1,6,2,3,20,1000,0
AO_SD1S_SP_KI_LC.AV,4,0,0,1,6,2,6,20,1000,0
AO_SD1S_SP_KI_LC.AV,4,0,0,1,6,2,16,20,1000,0
AO_SD1S_SP_KP_MC.AV,4,0,0,1,6,2,3,21,500,0
AO_SD1S_SP_KP_MC.AV,4,0,0,1,6,2,6,21,500,0
AO_SD1S_SP_KP_MC.AV,4,0,0,1,6,2,16,21,500,0
AO_SD1S_SP_KI_MC.AV,4,0,0,1,6,2,3,22,1000,0
AO_SD1S_SP_KI_MC.AV,4,0,0,1,6,2,6,22,1000,0
AO_SD1S_SP_KI_MC.AV,4,0,0,1,6,2,16,22,1000,0
AO_SD1S_SP_KP_SC.AV,4,0,0,1,6,2,3,23,500,0
AO_SD1S_SP_KP_SC.AV,4,0,0,1,6,2,6,23,500,0
AO_SD1S_SP_KP_SC.AV,4,0,0,1,6,2,16,23,500,0
AO_SD1S_SP_KI_SC.AV,4,0,0,1,6,2,3,24,1000,0
AO_SD1S_SP_KI_SC.AV,4,0,0,1,6,2,6,24,1000,0
AO_SD1S_SP_KI_SC.AV,4,0,0,1,6,2,16,24,1000,0
AO_SD1S_SP_T_RF1_TIMER_LC.AV,4,0,0,1,6,2,3,25,2000,0
AO_SD1S_SP_T_RF1_TIMER_LC.AV,4,0,0,1,6,2,6,25,2000,0
AO_SD1S_SP_T_RF1_TIMER_LC.AV,4,0,0,1,6,2,16,25,2000,0
AO_SD1S_SP_T_RF1_TIMER_MC.AV,4,0,0,1,6,2,3,26,2000,0
AO_SD1S_SP_T_RF1_TIMER_MC.AV,4,0,0,1,6,2,6,26,2000,0
AO_SD1S_SP_T_RF1_TIMER_MC.AV,4,0,0,1,6,2,16,26,2000,0
AO_SD1S_SP_T_RF1_TIMER_SC.AV,4,0,0,1,6,2,3,27,2000,0
AO_SD1S_SP_T_RF1_TIMER_SC.AV,4,0,0,1,6,2,6,27,2000,0
AO_SD1S_SP_T_RF1_TIMER_SC.AV,4,0,0,1,6,2,16,27,2000,0
AO_SD1S_SP_I_RF1_ZLO_LC.AV,4,0,0,1,6,2,3,28,60,-60
AO_SD1S_SP_I_RF1_ZLO_LC.AV,4,0,0,1,6,2,6,28,60,-60
AO_SD1S_SP_I_RF1_ZLO_LC.AV,4,0,0,1,6,2,16,28,60,-60
AO_SD1S_SP_I_RF1_ZHI_LC.AV,4,0,0,1,6,2,3,29,60,-60
AO_SD1S_SP_I_RF1_ZHI_LC.AV,4,0,0,1,6,2,6,29,60,-60
AO_SD1S_SP_I_RF1_ZHI_LC.AV,4,0,0,1,6,2,16,29,60,-60
AO_SD1S_SP_I_RF1_RLO_LC.AV,4,0,0,1,6,2,3,30,60,-60
AO_SD1S_SP_I_RF1_RLO_LC.AV,4,0,0,1,6,2,6,30,60,-60
AO_SD1S_SP_I_RF1_RLO_LC.AV,4,0,0,1,6,2,16,30,60,-60
AO_SD1S_SP_I_RF1_RHI_LC.AV,4,0,0,1,6,2,3,31,60,-60
AO_SD1S_SP_I_RF1_RHI_LC.AV,4,0,0,1,6,2,6,31,60,-60
AO_SD1S_SP_I_RF1_RHI_LC.AV,4,0,0,1,6,2,16,31,60,-60
AO_SD1S_SP_I_RF1_FLO_LC.AV,4,0,0,1,6,2,3,32,60,-60
AO_SD1S_SP_I_RF1_FLO_LC.AV,4,0,0,1,6,2,6,32,60,-60
AO_SD1S_SP_I_RF1_FLO_LC.AV,4,0,0,1,6,2,16,32,60,-60
AO_SD1S_SP_I_RF1_FHI_LC.AV,4,0,0,1,6,2,3,33,60,-60
AO_SD1S_SP_I_RF1_FHI_LC.AV,4,0,0,1,6,2,6,33,60,-60
AO_SD1S_SP_I_RF1_FHI_LC.AV,4,0,0,1,6,2,16,33,60,-60
AO_SD1S_SP_I_RF1_ZLO_MC.AV,4,0,0,1,6,2,3,34,60,-60
AO_SD1S_SP_I_RF1_ZLO_MC.AV,4,0,0,1,6,2,6,34,60,-60
AO_SD1S_SP_I_RF1_ZLO_MC.AV,4,0,0,1,6,2,16,34,60,-60
AO_SD1S_SP_I_RF1_ZHI_MC.AV,4,0,0,1,6,2,3,35,60,-60
AO_SD1S_SP_I_RF1_ZHI_MC.AV,4,0,0,1,6,2,6,35,60,-60
AO_SD1S_SP_I_RF1_ZHI_MC.AV,4,0,0,1,6,2,16,35,60,-60
AO_SD1S_SP_I_RF1_RLO_MC.AV,4,0,0,1,6,2,3,36,60,-60
AO_SD1S_SP_I_RF1_RLO_MC.AV,4,0,0,1,6,2,6,36,60,-60
AO_SD1S_SP_I_RF1_RLO_MC.AV,4,0,0,1,6,2,16,36,60,-60
AO_SD1S_SP_I_RF1_RHI_MC.AV,4,0,0,1,6,2,3,37,60,-60
AO_SD1S_SP_I_RF1_RHI_MC.AV,4,0,0,1,6,2,6,37,60,-60
AO_SD1S_SP_I_RF1_RHI_MC.AV,4,0,0,1,6,2,16,37,60,-60
AO_SD1S_SP_I_RF1_FLO_MC.AV,4,0,0,1,6,2,3,38,60,-60
AO_SD1S_SP_I_RF1_FLO_MC.AV,4,0,0,1,6,2,6,38,60,-60
AO_SD1S_SP_I_RF1_FLO_MC.AV,4,0,0,1,6,2,16,38,60,-60
AO_SD1S_SP_I_RF1_FHI_MC.AV,4,0,0,1,6,2,3,39,60,-60
AO_SD1S_SP_I_RF1_FHI_MC.AV,4,0,0,1,6,2,6,39,60,-60
AO_SD1S_SP_I_RF1_FHI_MC.AV,4,0,0,1,6,2,16,39,60,-60
AO_SD1S_SP_I_RF1_ZLO_SC.AV,4,0,0,1,6,2,3,40,60,-60
AO_SD1S_SP_I_RF1_ZLO_SC.AV,4,0,0,1,6,2,6,40,60,-60
AO_SD1S_SP_I_RF1_ZLO_SC.AV,4,0,0,1,6,2,16,40,60,-60
AO_SD1S_SP_I_RF1_ZHI_SC.AV,4,0,0,1,6,2,3,41,60,-60
AO_SD1S_SP_I_RF1_ZHI_SC.AV,4,0,0,1,6,2,6,41,60,-60
AO_SD1S_SP_I_RF1_ZHI_SC.AV,4,0,0,1,6,2,16,41,60,-60
AO_SD1S_SP_I_RF1_RLO_SC.AV,4,0,0,1,6,2,3,42,60,-60
AO_SD1S_SP_I_RF1_RLO_SC.AV,4,0,0,1,6,2,6,42,60,-60
AO_SD1S_SP_I_RF1_RLO_SC.AV,4,0,0,1,6,2,16,42,60,-60
AO_SD1S_SP_I_RF1_RHI_SC.AV,4,0,0,1,6,2,3,43,60,-60
AO_SD1S_SP_I_RF1_RHI_SC.AV,4,0,0,1,6,2,6,43,60,-60
AO_SD1S_SP_I_RF1_RHI_SC.AV,4,0,0,1,6,2,16,43,60,-60
AO_SD1S_SP_I_RF1_FLO_SC.AV,4,0,0,1,6,2,3,44,60,-60
AO_SD1S_SP_I_RF1_FLO_SC.AV,4,0,0,1,6,2,6,44,60,-60
AO_SD1S_SP_I_RF1_FLO_SC.AV,4,0,0,1,6,2,16,44,60,-60
AO_SD1S_SP_I_RF1_FHI_SC.AV,4,0,0,1,6,2,3,45,60,-60
AO_SD1S_SP_I_RF1_FHI_SC.AV,4,0,0,1,6,2,6,45,60,-60
AO_SD1S_SP_I_RF1_FHI_SC.AV,4,0,0,1,6,2,16,45,60,-60
AO_SD1S_SP_T_RF2_TIMER.AV,4,0,0,1,6,2,3,46,2000,0
AO_SD1S_SP_T_RF2_TIMER.AV,4,0,0,1,6,2,6,46,2000,0
AO_SD1S_SP_T_RF2_TIMER.AV,4,0,0,1,6,2,16,46,2000,0
AO_SD1S_SP_I_RF2_LEVEL.AV,4,0,0,1,6,2,3,47,60,0
AO_SD1S_SP_I_RF2_LEVEL.AV,4,0,0,1,6,2,6,47,60,0
AO_SD1S_SP_I_RF2_LEVEL.AV,4,0,0,1,6,2,16,47,60,0
AO_SD1S_SP_T_RF3_TIMER.AV,4,0,0,1,6,2,3,48,2000,0
AO_SD1S_SP_T_RF3_TIMER.AV,4,0,0,1,6,2,6,48,2000,0
AO_SD1S_SP_T_RF3_TIMER.AV,4,0,0,1,6,2,16,48,2000,0
AO_SD1S_SP_I_RF3_LEVEL.AV,4,0,0,1,6,2,3,49,60,0
AO_SD1S_SP_I_RF3_LEVEL.AV,4,0,0,1,6,2,6,49,60,0
AO_SD1S_SP_I_RF3_LEVEL.AV,4,0,0,1,6,2,16,49,60,0
AO_SD1S_SP_V_PF1_UV.AV,4,0,0,1,6,2,3,50,500,-500
AO_SD1S_SP_V_PF1_UV.AV,4,0,0,1,6,2,6,50,500,-500
AO_SD1S_SP_V_PF1_UV.AV,4,0,0,1,6,2,16,50,500,-500
AO_SD1S_SP_V_PF1_OV.AV,4,0,0,1,6,2,3,51,500,-500
AO_SD1S_SP_V_PF1_OV.AV,4,0,0,1,6,2,6,51,500,-500
AO_SD1S_SP_V_PF1_OV.AV,4,0,0,1,6,2,16,51,500,-500
AO_SD1S_SP_MD_LC_POS_DI.AV,4,0,0,1,6,2,3,52,60,-60
AO_SD1S_SP_MD_LC_POS_DI.AV,4,0,0,1,6,2,6,52,60,-60
AO_SD1S_SP_MD_LC_POS_DI.AV,4,0,0,1,6,2,16,52,60,-60
AO_SD1S_SP_MD_LC_NEG_DI.AV,4,0,0,1,6,2,3,53,60,-60
AO_SD1S_SP_MD_LC_NEG_DI.AV,4,0,0,1,6,2,6,53,60,-60
AO_SD1S_SP_MD_LC_NEG_DI.AV,4,0,0,1,6,2,16,53,60,-60
AO_SD1S_SP_MD_LC_LEVEL.AV,4,0,0,1,6,2,3,54,60,-60
AO_SD1S_SP_MD_LC_LEVEL.AV,4,0,0,1,6,2,6,54,60,-60
AO_SD1S_SP_MD_LC_LEVEL.AV,4,0,0,1,6,2,16,54,60,-60
AO_SD1S_SP_MD_MC_POS_DI.AV,4,0,0,1,6,2,3,55,60,-60
AO_SD1S_SP_MD_MC_POS_DI.AV,4,0,0,1,6,2,6,55,60,-60
AO_SD1S_SP_MD_MC_POS_DI.AV,4,0,0,1,6,2,16,55,60,-60
AO_SD1S_SP_MD_MC_NEG_DI.AV,4,0,0,1,6,2,3,56,60,-60
AO_SD1S_SP_MD_MC_NEG_DI.AV,4,0,0,1,6,2,6,56,60,-60
AO_SD1S_SP_MD_MC_NEG_DI.AV,4,0,0,1,6,2,16,56,60,-60
AO_SD1S_SP_MD_MC_LEVEL.AV,4,0,0,1,6,2,3,57,60,-60
AO_SD1S_SP_MD_MC_LEVEL.AV,4,0,0,1,6,2,6,57,60,-60
AO_SD1S_SP_MD_MC_LEVEL.AV,4,0,0,1,6,2,16,57,60,-60
AO_SD1S_SP_MD_SC_POS_DI.AV,4,0,0,1,6,2,3,58,60,-60
AO_SD1S_SP_MD_SC_POS_DI.AV,4,0,0,1,6,2,6,58,60,-60
AO_SD1S_SP_MD_SC_POS_DI.AV,4,0,0,1,6,2,16,58,60,-60
AO_SD1S_SP_MD_SC_NEG_DI.AV,4,0,0,1,6,2,3,59,60,-60
AO_SD1S_SP_MD_SC_NEG_DI.AV,4,0,0,1,6,2,6,59,60,-60
AO_SD1S_SP_MD_SC_NEG_DI.AV,4,0,0,1,6,2,16,59,60,-60
AO_SD1S_SP_MD_SC_LEVEL.AV,4,0,0,1,6,2,3,60,60,-60
AO_SD1S_SP_MD_SC_LEVEL.AV,4,0,0,1,6,2,6,60,60,-60
AO_SD1S_SP_MD_SC_LEVEL.AV,4,0,0,1,6,2,16,60,60,-60
AO_SD1S_SP_V_PF3_UV.AV,4,0,0,1,6,2,3,61,500,0
AO_SD1S_SP_V_PF3_UV.AV,4,0,0,1,6,2,6,61,500,0
AO_SD1S_SP_V_PF3_UV.AV,4,0,0,1,6,2,16,61,500,0
AO_SD1S_SP_V_PF3_OV.AV,4,0,0,1,6,2,3,62,500,0
AO_SD1S_SP_V_PF3_OV.AV,4,0,0,1,6,2,6,62,500,0
AO_SD1S_SP_V_PF3_OV.AV,4,0,0,1,6,2,16,62,500,0
AO_SD1S_SP_V_PF3_TIME.AV,4,0,0,1,6,2,3,63,5000,0
AO_SD1S_SP_V_PF3_TIME.AV,4,0,0,1,6,2,6,63,5000,0
AO_SD1S_SP_V_PF3_TIME.AV,4,0,0,1,6,2,16,63,5000,0
AO_SD1S_SP_DN_LC_T1.AV,4,0,0,1,6,2,3,64,2000,0
AO_SD1S_SP_DN_LC_T1.AV,4,0,0,1,6,2,6,64,2000,0
AO_SD1S_SP_DN_LC_T1.AV,4,0,0,1,6,2,16,64,2000,0
AO_SD1S_SP_DN_LC_T2.AV,4,0,0,1,6,2,3,65,2000,0
AO_SD1S_SP_DN_LC_T2.AV,4,0,0,1,6,2,6,65,2000,0
AO_SD1S_SP_DN_LC_T2.AV,4,0,0,1,6,2,16,65,2000,0
AO_SD1S_SP_DN_LC_T3.AV,4,0,0,1,6,2,3,66,2000,0
AO_SD1S_SP_DN_LC_T3.AV,4,0,0,1,6,2,6,66,2000,0
AO_SD1S_SP_DN_LC_T3.AV,4,0,0,1,6,2,16,66,2000,0
AO_SD1S_SP_DN_LC_T4.AV,4,0,0,1,6,2,3,67,2000,0
AO_SD1S_SP_DN_LC_T4.AV,4,0,0,1,6,2,6,67,2000,0
AO_SD1S_SP_DN_LC_T4.AV,4,0,0,1,6,2,16,67,2000,0
AO_SD1S_SP_DN_LC_T5.AV,4,0,0,1,6,2,3,68,2000,0
AO_SD1S_SP_DN_LC_T5.AV,4,0,0,1,6,2,6,68,2000,0
AO_SD1S_SP_DN_LC_T5.AV,4,0,0,1,6,2,16,68,2000,0
AO_SD1S_SP_DN_LC_REF1.AV,4,0,0,1,6,2,3,69,60,0
AO_SD1S_SP_DN_LC_REF1.AV,4,0,0,1,6,2,6,69,60,0
AO_SD1S_SP_DN_LC_REF1.AV,4,0,0,1,6,2,16,69,60,0
AO_SD1S_SP_DN_LC_REF2.AV,4,0,0,1,6,2,3,70,60,0
AO_SD1S_SP_DN_LC_REF2.AV,4,0,0,1,6,2,6,70,60,0
AO_SD1S_SP_DN_LC_REF2.AV,4,0,0,1,6,2,16,70,60,0
AO_SD1S_SP_DN_LC_REF3.AV,4,0,0,1,6,2,3,71,60,0
AO_SD1S_SP_DN_LC_REF3.AV,4,0,0,1,6,2,6,71,60,0
AO_SD1S_SP_DN_LC_REF3.AV,4,0,0,1,6,2,16,71,60,0
AO_SD1S_SP_DN_LC_REF4.AV,4,0,0,1,6,2,3,72,60,0
AO_SD1S_SP_DN_LC_REF4.AV,4,0,0,1,6,2,6,72,60,0
AO_SD1S_SP_DN_LC_REF4.AV,4,0,0,1,6,2,16,72,60,0
AO_SD1S_SP_DN_LC_REF5.AV,4,0,0,1,6,2,3,73,60,0
AO_SD1S_SP_DN_LC_REF5.AV,4,0,0,1,6,2,6,73,60,0
AO_SD1S_SP_DN_LC_REF5.AV,4,0,0,1,6,2,16,73,60,0
AO_SD1S_SP_DN_MC_T1.AV,4,0,0,1,6,2,3,74,2000,0
AO_SD1S_SP_DN_MC_T1.AV,4,0,0,1,6,2,6,74,2000,0
AO_SD1S_SP_DN_MC_T1.AV,4,0,0,1,6,2,16,74,2000,0
AO_SD1S_SP_DN_MC_T2.AV,4,0,0,1,6,2,3,75,2000,0
AO_SD1S_SP_DN_MC_T2.AV,4,0,0,1,6,2,6,75,2000,0
AO_SD1S_SP_DN_MC_T2.AV,4,0,0,1,6,2,16,75,2000,0
AO_SD1S_SP_DN_MC_T3.AV,4,0,0,1,6,2,3,76,2000,0
AO_SD1S_SP_DN_MC_T3.AV,4,0,0,1,6,2,6,76,2000,0
AO_SD1S_SP_DN_MC_T3.AV,4,0,0,1,6,2,16,76,2000,0
AO_SD1S_SP_DN_MC_T4.AV,4,0,0,1,6,2,3,77,2000,0
AO_SD1S_SP_DN_MC_T4.AV,4,0,0,1,6,2,6,77,2000,0
AO_SD1S_SP_DN_MC_T4.AV,4,0,0,1,6,2,16,77,2000,0
AO_SD1S_SP_DN_MC_T5.AV,4,0,0,1,6,2,3,78,2000,0
AO_SD1S_SP_DN_MC_T5.AV,4,0,0,1,6,2,6,78,2000,0
AO_SD1S_SP_DN_MC_T5.AV,4,0,0,1,6,2,16,78,2000,0
AO_SD1S_SP_DN_MC_REF1.AV,4,0,0,1,6,2,3,79,60,0
AO_SD1S_SP_DN_MC_REF1.AV,4,0,0,1,6,2,6,79,60,0
AO_SD1S_SP_DN_MC_REF1.AV,4,0,0,1,6,2,16,79,60,0
AO_SD1S_SP_DN_MC_REF2.AV,4,0,0,1,6,2,3,80,60,0
AO_SD1S_SP_DN_MC_REF2.AV,4,0,0,1,6,2,6,80,60,0
AO_SD1S_SP_DN_MC_REF2.AV,4,0,0,1,6,2,16,80,60,0
AO_SD1S_SP_DN_MC_REF3.AV,4,0,0,1,6,2,3,81,60,0
AO_SD1S_SP_DN_MC_REF3.AV,4,0,0,1,6,2,6,81,60,0
AO_SD1S_SP_DN_MC_REF3.AV,4,0,0,1,6,2,16,81,60,0
AO_SD1S_SP_DN_MC_REF4.AV,4,0,0,1,6,2,3,82,60,0
AO_SD1S_SP_DN_MC_REF4.AV,4,0,0,1,6,2,6,82,60,0
AO_SD1S_SP_DN_MC_REF4.AV,4,0,0,1,6,2,16,82,60,0
AO_SD1S_SP_DN_MC_REF5.AV,4,0,0,1,6,2,3,83,60,0
AO_SD1S_SP_DN_MC_REF5.AV,4,0,0,1,6,2,6,83,60,0
AO_SD1S_SP_DN_MC_REF5.AV,4,0,0,1,6,2,16,83,60,0
AO_SD1S_SP_DN_SC_T1.AV,4,0,0,1,6,2,3,84,2000,0
AO_SD1S_SP_DN_SC_T1.AV,4,0,0,1,6,2,6,84,2000,0
AO_SD1S_SP_DN_SC_T1.AV,4,0,0,1,6,2,16,84,2000,0
AO_SD1S_SP_DN_SC_T2.AV,4,0,0,1,6,2,3,85,2000,0
AO_SD1S_SP_DN_SC_T2.AV,4,0,0,1,6,2,6,85,2000,0
AO_SD1S_SP_DN_SC_T2.AV,4,0,0,1,6,2,16,85,2000,0
AO_SD1S_SP_DN_SC_T3.AV,4,0,0,1,6,2,3,86,2000,0
AO_SD1S_SP_DN_SC_T3.AV,4,0,0,1,6,2,6,86,2000,0
AO_SD1S_SP_DN_SC_T3.AV,4,0,0,1,6,2,16,86,2000,0
AO_SD1S_SP_DN_SC_T4.AV,4,0,0,1,6,2,3,87,2000,0
AO_SD1S_SP_DN_SC_T4.AV,4,0,0,1,6,2,6,87,2000,0
AO_SD1S_SP_DN_SC_T4.AV,4,0,0,1,6,2,16,87,2000,0
AO_SD1S_SP_DN_SC_T5.AV,4,0,0,1,6,2,3,88,2000,0
AO_SD1S_SP_DN_SC_T5.AV,4,0,0,1,6,2,6,88,2000,0
AO_SD1S_SP_DN_SC_T5.AV,4,0,0,1,6,2,16,88,2000,0
AO_SD1S_SP_DN_SC_REF1.AV,4,0,0,1,6,2,3,89,60,0
AO_SD1S_SP_DN_SC_REF1.AV,4,0,0,1,6,2,6,89,60,0
AO_SD1S_SP_DN_SC_REF1.AV,4,0,0,1,6,2,16,89,60,0
AO_SD1S_SP_DN_SC_REF2.AV,4,0,0,1,6,2,3,90,60,0
AO_SD1S_SP_DN_SC_REF2.AV,4,0,0,1,6,2,6,90,60,0
AO_SD1S_SP_DN_SC_REF2.AV,4,0,0,1,6,2,16,90,60,0
AO_SD1S_SP_DN_SC_REF3.AV,4,0,0,1,6,2,3,91,60,0
AO_SD1S_SP_DN_SC_REF3.AV,4,0,0,1,6,2,6,91,60,0
AO_SD1S_SP_DN_SC_REF3.AV,4,0,0,1,6,2,16,91,60,0
AO_SD1S_SP_DN_SC_REF4.AV,4,0,0,1,6,2,3,92,60,0
AO_SD1S_SP_DN_SC_REF4.AV,4,0,0,1,6,2,6,92,60,0
AO_SD1S_SP_DN_SC_REF4.AV,4,0,0,1,6,2,16,92,60,0
AO_SD1S_SP_DN_SC_REF5.AV,4,0,0,1,6,2,3,93,60,0
AO_SD1S_SP_DN_SC_REF5.AV,4,0,0,1,6,2,6,93,60,0
AO_SD1S_SP_DN_SC_REF5.AV,4,0,0,1,6,2,16,93,60,0
AO_SD1S_SP_UP_LC_T1.AV,4,0,0,1,6,2,3,94,2000,0
AO_SD1S_SP_UP_LC_T1.AV,4,0,0,1,6,2,6,94,2000,0
AO_SD1S_SP_UP_LC_T1.AV,4,0,0,1,6,2,16,94,2000,0
AO_SD1S_SP_UP_LC_T2.AV,4,0,0,1,6,2,3,95,2000,0
AO_SD1S_SP_UP_LC_T2.AV,4,0,0,1,6,2,6,95,2000,0
AO_SD1S_SP_UP_LC_T2.AV,4,0,0,1,6,2,16,95,2000,0
AO_SD1S_SP_UP_LC_T3.AV,4,0,0,1,6,2,3,96,2000,0
AO_SD1S_SP_UP_LC_T3.AV,4,0,0,1,6,2,6,96,2000,0
AO_SD1S_SP_UP_LC_T3.AV,4,0,0,1,6,2,16,96,2000,0
AO_SD1S_SP_UP_LC_T4.AV,4,0,0,1,6,2,3,97,2000,0
AO_SD1S_SP_UP_LC_T4.AV,4,0,0,1,6,2,6,97,2000,0
AO_SD1S_SP_UP_LC_T4.AV,4,0,0,1,6,2,16,97,2000,0
AO_SD1S_SP_UP_LC_T5.AV,4,0,0,1,6,2,3,98,2000,0
AO_SD1S_SP_UP_LC_T5.AV,4,0,0,1,6,2,6,98,2000,0
AO_SD1S_SP_UP_LC_T5.AV,4,0,0,1,6,2,16,98,2000,0
AO_SD1S_SP_UP_LC_REF1.AV,4,0,0,1,6,2,3,99,60,0
AO_SD1S_SP_UP_LC_REF1.AV,4,0,0,1,6,2,6,99,60,0
AO_SD1S_SP_UP_LC_REF1.AV,4,0,0,1,6,2,16,99,60,0
AO_SD1S_SP_UP_LC_REF2.AV,4,0,0,1,6,2,3,100,60,0
AO_SD1S_SP_UP_LC_REF2.AV,4,0,0,1,6,2,6,100,60,0
AO_SD1S_SP_UP_LC_REF2.AV,4,0,0,1,6,2,16,100,60,0
AO_SD1S_SP_UP_LC_REF3.AV,4,0,0,1,6,2,3,101,60,0
AO_SD1S_SP_UP_LC_REF3.AV,4,0,0,1,6,2,6,101,60,0
AO_SD1S_SP_UP_LC_REF3.AV,4,0,0,1,6,2,16,101,60,0
AO_SD1S_SP_UP_LC_REF4.AV,4,0,0,1,6,2,3,102,60,0
AO_SD1S_SP_UP_LC_REF4.AV,4,0,0,1,6,2,6,102,60,0
AO_SD1S_SP_UP_LC_REF4.AV,4,0,0,1,6,2,16,102,60,0
AO_SD1S_SP_UP_LC_REF5.AV,4,0,0,1,6,2,3,103,60,0
AO_SD1S_SP_UP_LC_REF5.AV,4,0,0,1,6,2,6,103,60,0
AO_SD1S_SP_UP_LC_REF5.AV,4,0,0,1,6,2,16,103,60,0
AO_SD1S_SP_UP_MC_T1.AV,4,0,0,1,6,2,3,104,2000,0
AO_SD1S_SP_UP_MC_T1.AV,4,0,0,1,6,2,6,104,2000,0
AO_SD1S_SP_UP_MC_T1.AV,4,0,0,1,6,2,16,104,2000,0
AO_SD1S_SP_UP_MC_T2.AV,4,0,0,1,6,2,3,105,2000,0
AO_SD1S_SP_UP_MC_T2.AV,4,0,0,1,6,2,6,105,2000,0
AO_SD1S_SP_UP_MC_T2.AV,4,0,0,1,6,2,16,105,2000,0
AO_SD1S_SP_UP_MC_T3.AV,4,0,0,1,6,2,3,106,2000,0
AO_SD1S_SP_UP_MC_T3.AV,4,0,0,1,6,2,6,106,2000,0
AO_SD1S_SP_UP_MC_T3.AV,4,0,0,1,6,2,16,106,2000,0
AO_SD1S_SP_UP_MC_T4.AV,4,0,0,1,6,2,3,107,2000,0
AO_SD1S_SP_UP_MC_T4.AV,4,0,0,1,6,2,6,107,2000,0
AO_SD1S_SP_UP_MC_T4.AV,4,0,0,1,6,2,16,107,2000,0
AO_SD1S_SP_UP_MC_T5.AV,4,0,0,1,6,2,3,108,2000,0
AO_SD1S_SP_UP_MC_T5.AV,4,0,0,1,6,2,6,108,2000,0
AO_SD1S_SP_UP_MC_T5.AV,4,0,0,1,6,2,16,108,2000,0
AO_SD1S_SP_UP_MC_REF1.AV,4,0,0,1,6,2,3,109,60,0
AO_SD1S_SP_UP_MC_REF1.AV,4,0,0,1,6,2,6,109,60,0
AO_SD1S_SP_UP_MC_REF1.AV,4,0,0,1,6,2,16,109,60,0
AO_SD1S_SP_UP_MC_REF2.AV,4,0,0,1,6,2,3,110,60,0
AO_SD1S_SP_UP_MC_REF2.AV,4,0,0,1,6,2,6,110,60,0
AO_SD1S_SP_UP_MC_REF2.AV,4,0,0,1,6,2,16,110,60,0
AO_SD1S_SP_UP_MC_REF3.AV,4,0,0,1,6,2,3,111,60,0
AO_SD1S_SP_UP_MC_REF3.AV,4,0,0,1,6,2,6,111,60,0
AO_SD1S_SP_UP_MC_REF3.AV,4,0,0,1,6,2,16,111,60,0
AO_SD1S_SP_UP_MC_REF4.AV,4,0,0,1,6,2,3,112,60,0
AO_SD1S_SP_UP_MC_REF4.AV,4,0,0,1,6,2,6,112,60,0
AO_SD1S_SP_UP_MC_REF4.AV,4,0,0,1,6,2,16,112,60,0
AO_SD1S_SP_UP_MC_REF5.AV,4,0,0,1,6,2,3,113,60,0
AO_SD1S_SP_UP_MC_REF5.AV,4,0,0,1,6,2,6,113,60,0
AO_SD1S_SP_UP_MC_REF5.AV,4,0,0,1,6,2,16,113,60,0
AO_SD1S_SP_UP_SC_T1.AV,4,0,0,1,6,2,3,114,2000,0
AO_SD1S_SP_UP_SC_T1.AV,4,0,0,1,6,2,6,114,2000,0
AO_SD1S_SP_UP_SC_T1.AV,4,0,0,1,6,2,16,114,2000,0
AO_SD1S_SP_UP_SC_T2.AV,4,0,0,1,6,2,3,115,2000,0
AO_SD1S_SP_UP_SC_T2.AV,4,0,0,1,6,2,6,115,2000,0
AO_SD1S_SP_UP_SC_T2.AV,4,0,0,1,6,2,16,115,2000,0
AO_SD1S_SP_UP_SC_T3.AV,4,0,0,1,6,2,3,116,2000,0
AO_SD1S_SP_UP_SC_T3.AV,4,0,0,1,6,2,6,116,2000,0
AO_SD1S_SP_UP_SC_T3.AV,4,0,0,1,6,2,16,116,2000,0
AO_SD1S_SP_UP_SC_T4.AV,4,0,0,1,6,2,3,117,2000,0
AO_SD1S_SP_UP_SC_T4.AV,4,0,0,1,6,2,6,117,2000,0
AO_SD1S_SP_UP_SC_T4.AV,4,0,0,1,6,2,16,117,2000,0
AO_SD1S_SP_UP_SC_T5.AV,4,0,0,1,6,2,3,118,2000,0
AO_SD1S_SP_UP_SC_T5.AV,4,0,0,1,6,2,6,118,2000,0
AO_SD1S_SP_UP_SC_T5.AV,4,0,0,1,6,2,16,118,2000,0
AO_SD1S_SP_UP_SC_REF1.AV,4,0,0,1,6,2,3,119,60,0
AO_SD1S_SP_UP_SC_REF1.AV,4,0,0,1,6,2,6,119,60,0
AO_SD1S_SP_UP_SC_REF1.AV,4,0,0,1,6,2,16,119,60,0
AO_SD1S_SP_UP_SC_REF2.AV,4,0,0,1,6,2,3,120,60,0
AO_SD1S_SP_UP_SC_REF2.AV,4,0,0,1,6,2,6,120,60,0
AO_SD1S_SP_UP_SC_REF2.AV,4,0,0,1,6,2,16,120,60,0
AO_SD1S_SP_UP_SC_REF3.AV,4,0,0,1,6,2,3,121,60,0
AO_SD1S_SP_UP_SC_REF3.AV,4,0,0,1,6,2,6,121,60,0
AO_SD1S_SP_UP_SC_REF3.AV,4,0,0,1,6,2,16,121,60,0
AO_SD1S_SP_UP_SC_REF4.AV,4,0,0,1,6,2,3,122,60,0
AO_SD1S_SP_UP_SC_REF4.AV,4,0,0,1,6,2,6,122,60,0
AO_SD1S_SP_UP_SC_REF4.AV,4,0,0,1,6,2,16,122,60,0
AO_SD1S_SP_UP_SC_REF5.AV,4,0,0,1,6,2,3,123,60,0
AO_SD1S_SP_UP_SC_REF5.AV,4,0,0,1,6,2,6,123,60,0
AO_SD1S_SP_UP_SC_REF5.AV,4,0,0,1,6,2,16,123,60,0
AO_SD1S_SP_SCALE_I_LC_1.AV,4,0,0,1,6,2,3,124,5,-5
AO_SD1S_SP_SCALE_I_LC_1.AV,4,0,0,1,6,2,6,124,5,-5
AO_SD1S_SP_SCALE_I_LC_1.AV,4,0,0,1,6,2,16,124,5,-5
AO_SD1S_SP_SCALE_I_LC_2.AV,4,0,0,1,6,2,3,125,5,-5
AO_SD1S_SP_SCALE_I_LC_2.AV,4,0,0,1,6,2,6,125,5,-5
AO_SD1S_SP_SCALE_I_LC_2.AV,4,0,0,1,6,2,16,125,5,-5
AO_SD1S_SP_SCALE_I_LC_3.AV,4,0,0,1,6,2,3,126,5,-5
AO_SD1S_SP_SCALE_I_LC_3.AV,4,0,0,1,6,2,6,126,5,-5
AO_SD1S_SP_SCALE_I_LC_3.AV,4,0,0,1,6,2,16,126,5,-5
AO_SD1S_SP_SCALE_I_LC_4.AV,4,0,0,1,6,2,3,127,5,-5
AO_SD1S_SP_SCALE_I_LC_4.AV,4,0,0,1,6,2,6,127,5,-5
AO_SD1S_SP_SCALE_I_LC_4.AV,4,0,0,1,6,2,16,127,5,-5
AO_SD1S_SP_SCALE_I_MC_1.AV,4,0,0,1,6,2,3,128,5,-5
AO_SD1S_SP_SCALE_I_MC_1.AV,4,0,0,1,6,2,6,128,5,-5
AO_SD1S_SP_SCALE_I_MC_1.AV,4,0,0,1,6,2,16,128,5,-5
AO_SD1S_SP_SCALE_I_MC_2.AV,4,0,0,1,6,2,3,129,5,-5
AO_SD1S_SP_SCALE_I_MC_2.AV,4,0,0,1,6,2,6,129,5,-5
AO_SD1S_SP_SCALE_I_MC_2.AV,4,0,0,1,6,2,16,129,5,-5
AO_SD1S_SP_SCALE_I_MC_3.AV,4,0,0,1,6,2,3,130,5,-5
AO_SD1S_SP_SCALE_I_MC_3.AV,4,0,0,1,6,2,6,130,5,-5
AO_SD1S_SP_SCALE_I_MC_3.AV,4,0,0,1,6,2,16,130,5,-5
AO_SD1S_SP_SCALE_I_MC_4.AV,4,0,0,1,6,2,3,131,5,-5
AO_SD1S_SP_SCALE_I_MC_4.AV,4,0,0,1,6,2,6,131,5,-5
AO_SD1S_SP_SCALE_I_MC_4.AV,4,0,0,1,6,2,16,131,5,-5
AO_SD1S_SP_SCALE_I_SC_1.AV,4,0,0,1,6,2,3,132,5,-5
AO_SD1S_SP_SCALE_I_SC_1.AV,4,0,0,1,6,2,6,132,5,-5
AO_SD1S_SP_SCALE_I_SC_1.AV,4,0,0,1,6,2,16,132,5,-5
AO_SD1S_SP_SCALE_I_SC_2.AV,4,0,0,1,6,2,3,133,5,-5
AO_SD1S_SP_SCALE_I_SC_2.AV,4,0,0,1,6,2,6,133,5,-5
AO_SD1S_SP_SCALE_I_SC_2.AV,4,0,0,1,6,2,16,133,5,-5
AO_SD1S_SP_SCALE_I_SC_3.AV,4,0,0,1,6,2,3,134,5,-5
AO_SD1S_SP_SCALE_I_SC_3.AV,4,0,0,1,6,2,6,134,5,-5
AO_SD1S_SP_SCALE_I_SC_3.AV,4,0,0,1,6,2,16,134,5,-5
AO_SD1S_SP_SCALE_I_SC_4.AV,4,0,0,1,6,2,3,135,5,-5
AO_SD1S_SP_SCALE_I_SC_4.AV,4,0,0,1,6,2,6,135,5,-5
AO_SD1S_SP_SCALE_I_SC_4.AV,4,0,0,1,6,2,16,135,5,-5
AO_SD1S_SP_SCALE_V_SC.AV,4,0,0,1,6,2,3,136,5,-5
AO_SD1S_SP_SCALE_V_SC.AV,4,0,0,1,6,2,6,136,5,-5
AO_SD1S_SP_SCALE_V_SC.AV,4,0,0,1,6,2,16,136,5,-5
AO_SD1S_SP_SCALE_V_MC.AV,4,0,0,1,6,2,3,137,5,-5
AO_SD1S_SP_SCALE_V_MC.AV,4,0,0,1,6,2,6,137,5,-5
AO_SD1S_SP_SCALE_V_MC.AV,4,0,0,1,6,2,16,137,5,-5
AO_SD1S_SP_SCALE_V_LC.AV,4,0,0,1,6,2,3,138,5,-5
AO_SD1S_SP_SCALE_V_LC.AV,4,0,0,1,6,2,6,138,5,-5
AO_SD1S_SP_SCALE_V_LC.AV,4,0,0,1,6,2,16,138,5,-5
AO_SD1S_SP_SCALE_V_R1.AV,4,0,0,1,6,2,3,139,5,-5
AO_SD1S_SP_SCALE_V_R1.AV,4,0,0,1,6,2,6,139,5,-5
AO_SD1S_SP_SCALE_V_R1.AV,4,0,0,1,6,2,16,139,5,-5
AO_SD1S_SP_SCALE_V_S1.AV,4,0,0,1,6,2,3,140,5,-5
AO_SD1S_SP_SCALE_V_S1.AV,4,0,0,1,6,2,6,140,5,-5
AO_SD1S_SP_SCALE_V_S1.AV,4,0,0,1,6,2,16,140,5,-5
AO_SD1S_SP_SCALE_V_T1.AV,4,0,0,1,6,2,3,141,5,-5
AO_SD1S_SP_SCALE_V_T1.AV,4,0,0,1,6,2,6,141,5,-5
AO_SD1S_SP_SCALE_V_T1.AV,4,0,0,1,6,2,16,141,5,-5
AO_SD1S_SP_SCALE_V_R2.AV,4,0,0,1,6,2,3,142,5,-5
AO_SD1S_SP_SCALE_V_R2.AV,4,0,0,1,6,2,6,142,5,-5
AO_SD1S_SP_SCALE_V_R2.AV,4,0,0,1,6,2,16,142,5,-5
AO_SD1S_SP_SCALE_V_S2.AV,4,0,0,1,6,2,3,143,5,-5
AO_SD1S_SP_SCALE_V_S2.AV,4,0,0,1,6,2,6,143,5,-5
AO_SD1S_SP_SCALE_V_S2.AV,4,0,0,1,6,2,16,143,5,-5
AO_SD1S_SP_SCALE_V_T2.AV,4,0,0,1,6,2,3,144,5,-5
AO_SD1S_SP_SCALE_V_T2.AV,4,0,0,1,6,2,6,144,5,-5
AO_SD1S_SP_SCALE_V_T2.AV,4,0,0,1,6,2,16,144,5,-5
AO_SD1S_SP_SCALE_V_DC24_P.AV,4,0,0,1,6,2,3,145,5,-5
AO_SD1S_SP_SCALE_V_DC24_P.AV,4,0,0,1,6,2,6,145,5,-5
AO_SD1S_SP_SCALE_V_DC24_P.AV,4,0,0,1,6,2,16,145,5,-5
AO_SD1S_SP_SCALE_V_DC24_S.AV,4,0,0,1,6,2,3,146,5,-5
AO_SD1S_SP_SCALE_V_DC24_S.AV,4,0,0,1,6,2,6,146,5,-5
AO_SD1S_SP_SCALE_V_DC24_S.AV,4,0,0,1,6,2,16,146,5,-5
AO_SD1S_SP_OFFSET_I_LC_1.AV,4,0,0,1,6,2,3,147,5,-5
AO_SD1S_SP_OFFSET_I_LC_1.AV,4,0,0,1,6,2,6,147,5,-5
AO_SD1S_SP_OFFSET_I_LC_1.AV,4,0,0,1,6,2,16,147,5,-5
AO_SD1S_SP_OFFSET_I_LC_2.AV,4,0,0,1,6,2,3,148,5,-5
AO_SD1S_SP_OFFSET_I_LC_2.AV,4,0,0,1,6,2,6,148,5,-5
AO_SD1S_SP_OFFSET_I_LC_2.AV,4,0,0,1,6,2,16,148,5,-5
AO_SD1S_SP_OFFSET_I_LC_3.AV,4,0,0,1,6,2,3,149,5,-5
AO_SD1S_SP_OFFSET_I_LC_3.AV,4,0,0,1,6,2,6,149,5,-5
AO_SD1S_SP_OFFSET_I_LC_3.AV,4,0,0,1,6,2,16,149,5,-5
AO_SD1S_SP_OFFSET_I_LC_4.AV,4,0,0,1,6,2,3,150,5,-5
AO_SD1S_SP_OFFSET_I_LC_4.AV,4,0,0,1,6,2,6,150,5,-5
AO_SD1S_SP_OFFSET_I_LC_4.AV,4,0,0,1,6,2,16,150,5,-5
AO_SD1S_SP_OFFSET_I_MC_1.AV,4,0,0,1,6,2,3,151,5,-5
AO_SD1S_SP_OFFSET_I_MC_1.AV,4,0,0,1,6,2,6,151,5,-5
AO_SD1S_SP_OFFSET_I_MC_1.AV,4,0,0,1,6,2,16,151,5,-5
AO_SD1S_SP_OFFSET_I_MC_2.AV,4,0,0,1,6,2,3,152,5,-5
AO_SD1S_SP_OFFSET_I_MC_2.AV,4,0,0,1,6,2,6,152,5,-5
AO_SD1S_SP_OFFSET_I_MC_2.AV,4,0,0,1,6,2,16,152,5,-5
AO_SD1S_SP_OFFSET_I_MC_3.AV,4,0,0,1,6,2,3,153,5,-5
AO_SD1S_SP_OFFSET_I_MC_3.AV,4,0,0,1,6,2,6,153,5,-5
AO_SD1S_SP_OFFSET_I_MC_3.AV,4,0,0,1,6,2,16,153,5,-5
AO_SD1S_SP_OFFSET_I_MC_4.AV,4,0,0,1,6,2,3,154,5,-5
AO_SD1S_SP_OFFSET_I_MC_4.AV,4,0,0,1,6,2,6,154,5,-5
AO_SD1S_SP_OFFSET_I_MC_4.AV,4,0,0,1,6,2,16,154,5,-5
AO_SD1S_SP_OFFSET_I_SC_1.AV,4,0,0,1,6,2,3,155,5,-5
AO_SD1S_SP_OFFSET_I_SC_1.AV,4,0,0,1,6,2,6,155,5,-5
AO_SD1S_SP_OFFSET_I_SC_1.AV,4,0,0,1,6,2,16,155,5,-5
AO_SD1S_SP_OFFSET_I_SC_2.AV,4,0,0,1,6,2,3,156,5,-5
AO_SD1S_SP_OFFSET_I_SC_2.AV,4,0,0,1,6,2,6,156,5,-5
AO_SD1S_SP_OFFSET_I_SC_2.AV,4,0,0,1,6,2,16,156,5,-5
AO_SD1S_SP_OFFSET_I_SC_3.AV,4,0,0,1,6,2,3,157,5,-5
AO_SD1S_SP_OFFSET_I_SC_3.AV,4,0,0,1,6,2,6,157,5,-5
AO_SD1S_SP_OFFSET_I_SC_3.AV,4,0,0,1,6,2,16,157,5,-5
AO_SD1S_SP_OFFSET_I_SC_4.AV,4,0,0,1,6,2,3,158,5,-5
AO_SD1S_SP_OFFSET_I_SC_4.AV,4,0,0,1,6,2,6,158,5,-5
AO_SD1S_SP_OFFSET_I_SC_4.AV,4,0,0,1,6,2,16,158,5,-5
AO_SD1S_SP_OFFSET_V_SC.AV,4,0,0,1,6,2,3,159,5,-5
AO_SD1S_SP_OFFSET_V_SC.AV,4,0,0,1,6,2,6,159,5,-5
AO_SD1S_SP_OFFSET_V_SC.AV,4,0,0,1,6,2,16,159,5,-5
AO_SD1S_SP_OFFSET_V_MC.AV,4,0,0,1,6,2,3,160,5,-5
AO_SD1S_SP_OFFSET_V_MC.AV,4,0,0,1,6,2,6,160,5,-5
AO_SD1S_SP_OFFSET_V_MC.AV,4,0,0,1,6,2,16,160,5,-5
AO_SD1S_SP_OFFSET_V_LC.AV,4,0,0,1,6,2,3,161,5,-5
AO_SD1S_SP_OFFSET_V_LC.AV,4,0,0,1,6,2,6,161,5,-5
AO_SD1S_SP_OFFSET_V_LC.AV,4,0,0,1,6,2,16,161,5,-5
AO_SD1S_SP_OFFSET_V_R1.AV,4,0,0,1,6,2,3,162,5,-5
AO_SD1S_SP_OFFSET_V_R1.AV,4,0,0,1,6,2,6,162,5,-5
AO_SD1S_SP_OFFSET_V_R1.AV,4,0,0,1,6,2,16,162,5,-5
AO_SD1S_SP_OFFSET_V_S1.AV,4,0,0,1,6,2,3,163,5,-5
AO_SD1S_SP_OFFSET_V_S1.AV,4,0,0,1,6,2,6,163,5,-5
AO_SD1S_SP_OFFSET_V_S1.AV,4,0,0,1,6,2,16,163,5,-5
AO_SD1S_SP_OFFSET_V_T1.AV,4,0,0,1,6,2,3,164,5,-5
AO_SD1S_SP_OFFSET_V_T1.AV,4,0,0,1,6,2,6,164,5,-5
AO_SD1S_SP_OFFSET_V_T1.AV,4,0,0,1,6,2,16,164,5,-5
AO_SD1S_SP_OFFSET_V_R2.AV,4,0,0,1,6,2,3,165,5,-5
AO_SD1S_SP_OFFSET_V_R2.AV,4,0,0,1,6,2,6,165,5,-5
AO_SD1S_SP_OFFSET_V_R2.AV,4,0,0,1,6,2,16,165,5,-5
AO_SD1S_SP_OFFSET_V_S2.AV,4,0,0,1,6,2,3,166,5,-5
AO_SD1S_SP_OFFSET_V_S2.AV,4,0,0,1,6,2,6,166,5,-5
AO_SD1S_SP_OFFSET_V_S2.AV,4,0,0,1,6,2,16,166,5,-5
AO_SD1S_SP_OFFSET_V_T2.AV,4,0,0,1,6,2,3,167,5,-5
AO_SD1S_SP_OFFSET_V_T2.AV,4,0,0,1,6,2,6,167,5,-5
AO_SD1S_SP_OFFSET_V_T2.AV,4,0,0,1,6,2,16,167,5,-5
AO_SD1S_SP_OFFSET_V_DC24_P.AV,4,0,0,1,6,2,3,168,5,-5
AO_SD1S_SP_OFFSET_V_DC24_P.AV,4,0,0,1,6,2,6,168,5,-5
AO_SD1S_SP_OFFSET_V_DC24_P.AV,4,0,0,1,6,2,16,168,5,-5
AO_SD1S_SP_OFFSET_V_DC24_S.AV,4,0,0,1,6,2,3,169,5,-5
AO_SD1S_SP_OFFSET_V_DC24_S.AV,4,0,0,1,6,2,6,169,5,-5
AO_SD1S_SP_OFFSET_V_DC24_S.AV,4,0,0,1,6,2,16,169,5,-5
AO_SD1S_SP_LC_CR_GAP.AV,4,0,0,1,6,2,3,170,20,0
AO_SD1S_SP_LC_CR_GAP.AV,4,0,0,1,6,2,6,170,20,0
AO_SD1S_SP_LC_CR_GAP.AV,4,0,0,1,6,2,16,170,20,0
AO_SD1S_SP_LC_CR_TIME.AV,4,0,0,1,6,2,3,171,10,0
AO_SD1S_SP_LC_CR_TIME.AV,4,0,0,1,6,2,6,171,10,0
AO_SD1S_SP_LC_CR_TIME.AV,4,0,0,1,6,2,16,171,10,0
AO_SD1S_SP_MC_CR_GAP.AV,4,0,0,1,6,2,3,172,10,0
AO_SD1S_SP_MC_CR_GAP.AV,4,0,0,1,6,2,6,172,10,0
AO_SD1S_SP_MC_CR_GAP.AV,4,0,0,1,6,2,16,172,10,0
AO_SD1S_SP_MC_CR_TIME.AV,4,0,0,1,6,2,3,173,20,0
AO_SD1S_SP_MC_CR_TIME.AV,4,0,0,1,6,2,6,173,20,0
AO_SD1S_SP_MC_CR_TIME.AV,4,0,0,1,6,2,16,173,20,0
AO_SD1S_SP_SC_CR_GAP.AV,4,0,0,1,6,2,3,174,20,0
AO_SD1S_SP_SC_CR_GAP.AV,4,0,0,1,6,2,6,174,20,0
AO_SD1S_SP_SC_CR_GAP.AV,4,0,0,1,6,2,16,174,20,0
AO_SD1S_SP_SC_CR_TIME.AV,4,0,0,1,6,2,3,175,10,0
AO_SD1S_SP_SC_CR_TIME.AV,4,0,0,1,6,2,6,175,10,0
AO_SD1S_SP_SC_CR_TIME.AV,4,0,0,1,6,2,16,175,10,0
AO_SD1S_SP_SC_CI_HIGH.AV,4,0,0,1,6,2,3,176,60,-60
AO_SD1S_SP_SC_CI_HIGH.AV,4,0,0,1,6,2,6,176,60,-60
AO_SD1S_SP_SC_CI_HIGH.AV,4,0,0,1,6,2,16,176,60,-60
AO_SD1S_SP_SC_CI_TIME.AV,4,0,0,1,6,2,3,177,12,0
AO_SD1S_SP_SC_CI_TIME.AV,4,0,0,1,6,2,6,177,12,0
AO_SD1S_SP_SC_CI_TIME.AV,4,0,0,1,6,2,16,177,12,0
AO_SD1S_SP_MC_DH_FULL.AV,4,0,0,1,6,2,3,178,200,0
AO_SD1S_SP_MC_DH_FULL.AV,4,0,0,1,6,2,6,178,200,0
AO_SD1S_SP_MC_DH_FULL.AV,4,0,0,1,6,2,16,178,200,0
AO_SD1S_SP_MC_DH_RED.AV,4,0,0,1,6,2,3,179,200,0
AO_SD1S_SP_MC_DH_RED.AV,4,0,0,1,6,2,6,179,200,0
AO_SD1S_SP_MC_DH_RED.AV,4,0,0,1,6,2,16,179,200,0
AO_SD1S_SP_MC_DH_TIME.AV,4,0,0,1,6,2,3,180,1000,0
AO_SD1S_SP_MC_DH_TIME.AV,4,0,0,1,6,2,6,180,1000,0
AO_SD1S_SP_MC_DH_TIME.AV,4,0,0,1,6,2,16,180,1000,0
AO_SD1S_SP_SC_DH_FULL.AV,4,0,0,1,6,2,3,181,200,0
AO_SD1S_SP_SC_DH_FULL.AV,4,0,0,1,6,2,6,181,200,0
AO_SD1S_SP_SC_DH_FULL.AV,4,0,0,1,6,2,16,181,200,0
AO_SD1S_SP_SC_DH_RED.AV,4,0,0,1,6,2,3,182,200,0
AO_SD1S_SP_SC_DH_RED.AV,4,0,0,1,6,2,6,182,200,0
AO_SD1S_SP_SC_DH_RED.AV,4,0,0,1,6,2,16,182,200,0
AO_SD1S_SP_SC_DH_TIME.AV,4,0,0,1,6,2,3,183,1000,0
AO_SD1S_SP_SC_DH_TIME.AV,4,0,0,1,6,2,6,183,1000,0
AO_SD1S_SP_SC_DH_TIME.AV,4,0,0,1,6,2,16,183,1000,0
AO_SD1S_SP_DHFail1_LEVEL.AV,4,0,0,1,6,2,3,184,200,0
AO_SD1S_SP_DHFail1_LEVEL.AV,4,0,0,1,6,2,6,184,200,0
AO_SD1S_SP_DHFail1_LEVEL.AV,4,0,0,1,6,2,16,184,200,0
AO_SD1S_SP_DHFail1_TIME.AV,4,0,0,1,6,2,3,185,2000,0
AO_SD1S_SP_DHFail1_TIME.AV,4,0,0,1,6,2,6,185,2000,0
AO_SD1S_SP_DHFail1_TIME.AV,4,0,0,1,6,2,16,185,2000,0
AO_SD1S_SP_DHFail2_LEVEL.AV,4,0,0,1,6,2,3,186,200,0
AO_SD1S_SP_DHFail2_LEVEL.AV,4,0,0,1,6,2,6,186,200,0
AO_SD1S_SP_DHFail2_LEVEL.AV,4,0,0,1,6,2,16,186,200,0
AO_SD1S_SP_DHFail2_TIME.AV,4,0,0,1,6,2,3,187,2000,0
AO_SD1S_SP_DHFail2_TIME.AV,4,0,0,1,6,2,6,187,2000,0
AO_SD1S_SP_DHFail2_TIME.AV,4,0,0,1,6,2,16,187,2000,0
AO_SD1S_OPERATION_MODE.AV,4,0,0,1,6,2,3,188,65535,0
AO_SD1S_OPERATION_MODE.AV,4,0,0,1,6,2,6,188,65535,0
AO_SD1S_OPERATION_MODE.AV,4,0,0,1,6,2,16,188,65535,0
AO_SD1S_SPARE_1.AV,4,0,0,1,6,2,3,189,65535,0
AO_SD1S_SPARE_1.AV,4,0,0,1,6,2,6,189,65535,0
AO_SD1S_SPARE_1.AV,4,0,0,1,6,2,16,189,65535,0
AO_SD1S_SPARE_2.AV,4,0,0,1,6,2,3,190,65535,0
AO_SD1S_SPARE_2.AV,4,0,0,1,6,2,6,190,65535,0
AO_SD1S_SPARE_2.AV,4,0,0,1,6,2,16,190,65535,0
AO_SD1S_SPARE_3.AV,4,0,0,1,6,2,3,191,65535,0
AO_SD1S_SPARE_3.AV,4,0,0,1,6,2,6,191,65535,0
AO_SD1S_SPARE_3.AV,4,0,0,1,6,2,16,191,65535,0
AO_SD1S_SPARE_4.AV,4,0,0,1,6,2,3,192,65535,0
AO_SD1S_SPARE_4.AV,4,0,0,1,6,2,6,192,65535,0
AO_SD1S_SPARE_4.AV,4,0,0,1,6,2,16,192,65535,0
AO_SD1S_SPARE_5.AV,4,0,0,1,6,2,3,193,65535,0
AO_SD1S_SPARE_5.AV,4,0,0,1,6,2,6,193,65535,0
AO_SD1S_SPARE_5.AV,4,0,0,1,6,2,16,193,65535,0
AO_SD1S_SPARE_6.AV,4,0,0,1,6,2,3,194,65535,0
AO_SD1S_SPARE_6.AV,4,0,0,1,6,2,6,194,65535,0
AO_SD1S_SPARE_6.AV,4,0,0,1,6,2,16,194,65535,0
AO_SD1S_SPARE_7.AV,4,0,0,1,6,2,3,195,65535,0
AO_SD1S_SPARE_7.AV,4,0,0,1,6,2,6,195,65535,0
AO_SD1S_SPARE_7.AV,4,0,0,1,6,2,16,195,65535,0
AO_SD1S_SPARE_8.AV,4,0,0,1,6,2,3,196,65535,0
AO_SD1S_SPARE_8.AV,4,0,0,1,6,2,6,196,65535,0
AO_SD1S_SPARE_8.AV,4,0,0,1,6,2,16,196,65535,0
AO_SD1S_SPARE_9.AV,4,0,0,1,6,2,3,197,65535,0
AO_SD1S_SPARE_9.AV,4,0,0,1,6,2,6,197,65535,0
AO_SD1S_SPARE_9.AV,4,0,0,1,6,2,16,197,65535,0
AO_SD1S_SPARE_10.AV,4,0,0,1,6,2,3,198,65535,0
AO_SD1S_SPARE_10.AV,4,0,0,1,6,2,6,198,65535,0
AO_SD1S_SPARE_10.AV,4,0,0,1,6,2,16,198,65535,0
AO_SD1S_SPARE_11.AV,4,0,0,1,6,2,3,199,65535,0
AO_SD1S_SPARE_11.AV,4,0,0,1,6,2,6,199,65535,0
AO_SD1S_SPARE_11.AV,4,0,0,1,6,2,16,199,65535,0
AO_SD1S_SPARE_12.AV,4,0,0,1,6,2,3,200,65535,0
AO_SD1S_SPARE_12.AV,4,0,0,1,6,2,6,200,65535,0
AO_SD1S_SPARE_12.AV,4,0,0,1,6,2,16,200,65535,0
AO_SD1S_SPARE_13.AV,4,0,0,1,6,2,3,201,65535,0
AO_SD1S_SPARE_13.AV,4,0,0,1,6,2,6,201,65535,0
AO_SD1S_SPARE_13.AV,4,0,0,1,6,2,16,201,65535,0
AO_SD1S_SPARE_14.AV,4,0,0,1,6,2,3,202,65535,0
AO_SD1S_SPARE_14.AV,4,0,0,1,6,2,6,202,65535,0
AO_SD1S_SPARE_14.AV,4,0,0,1,6,2,16,202,65535,0
AO_SD1S_SPARE_15.AV,4,0,0,1,6,2,3,203,65535,0
AO_SD1S_SPARE_15.AV,4,0,0,1,6,2,6,203,65535,0
AO_SD1S_SPARE_15.AV,4,0,0,1,6,2,16,203,65535,0
AO_SD1S_SPARE_16.AV,4,0,0,1,6,2,3,204,65535,0
AO_SD1S_SPARE_16.AV,4,0,0,1,6,2,6,204,65535,0
AO_SD1S_SPARE_16.AV,4,0,0,1,6,2,16,204,65535,0
AO_SD1S_MTP_YEAR.AV,4,0,0,1,6,2,3,205,65535,0
AO_SD1S_MTP_YEAR.AV,4,0,0,1,6,2,6,205,65535,0
AO_SD1S_MTP_YEAR.AV,4,0,0,1,6,2,16,205,65535,0
AO_SD1S_MTP_MONTH.AV,4,0,0,1,6,2,3,206,65535,0
AO_SD1S_MTP_MONTH.AV,4,0,0,1,6,2,6,206,65535,0
AO_SD1S_MTP_MONTH.AV,4,0,0,1,6,2,16,206,65535,0
AO_SD1S_MTP_DAY.AV,4,0,0,1,6,2,3,207,65535,0
AO_SD1S_MTP_DAY.AV,4,0,0,1,6,2,6,207,65535,0
AO_SD1S_MTP_DAY.AV,4,0,0,1,6,2,16,207,65535,0
AO_SD1S_MTP_HOUR.AV,4,0,0,1,6,2,3,208,65535,0
AO_SD1S_MTP_HOUR.AV,4,0,0,1,6,2,6,208,65535,0
AO_SD1S_MTP_HOUR.AV,4,0,0,1,6,2,16,208,65535,0
AO_SD1S_MTP_MIN.AV,4,0,0,1,6,2,3,209,65535,0
AO_SD1S_MTP_MIN.AV,4,0,0,1,6,2,6,209,65535,0
AO_SD1S_MTP_MIN.AV,4,0,0,1,6,2,16,209,65535,0
AO_SD1S_MTP_SEC.AV,4,0,0,1,6,2,3,210,65535,0
AO_SD1S_MTP_SEC.AV,4,0,0,1,6,2,6,210,65535,0
AO_SD1S_MTP_SEC.AV,4,0,0,1,6,2,16,210,65535,0
AO_SD1S_BUF_TYPE.AV,4,0,0,1,6,2,3,211,114,0
AO_SD1S_BUF_TYPE.AV,4,0,0,1,6,2,6,211,114,0
AO_SD1S_BUF_TYPE.AV,4,0,0,1,6,2,16,211,114,0
AO_SD1S_SP_FINISH.AV,4,0,0,1,6,2,3,212,65535,0
AO_SD1S_SP_FINISH.AV,4,0,0,1,6,2,6,212,65535,0
AO_SD1S_SP_FINISH.AV,4,0,0,1,6,2,16,212,65535,0
